Season,AstDiff,BlkDiff,DRDiff,FGA3Diff,FGADiff,FGM3Diff,FGMDiff,FTADiff,FTMDiff,ORDiff,PFDiff,ScoreDiff,SeedDiff,StlDiff,TODiff,Team1,Team2
2003,-1,-3,-2,2,-2,1,-3,5,-3,3,0,-8,0,0,3,1411,1421
2003,-10,-4,-10,-7,-2,-3,-11,-7,-4,-3,7,-29,15,0,1,1436,1112
2003,7,-1,5,-14,-10,-1,6,1,2,-10,1,13,3,5,-3,1113,1272
2003,-5,-5,3,-10,-7,-4,2,8,6,-3,-2,6,5,7,-3,1141,1166
2003,-1,6,6,1,-8,2,-2,-3,0,-8,5,-2,1,-3,1,1301,1143
2003,-3,4,3,-3,-12,2,-3,14,9,-3,-6,5,-7,-5,3,1163,1140
2003,4,-4,-3,-2,0,-1,-1,-9,-7,-2,-4,-10,11,-5,3,1161,1181
2003,-1,-4,6,-13,-19,-4,-6,27,21,-5,-9,5,1,-5,2,1211,1153
2003,5,-1,5,-10,-2,-3,2,1,4,-2,-2,5,-9,5,0,1228,1443
2003,0,3,1,-11,-5,-4,5,1,-3,-6,2,3,-13,2,-2,1242,1429
2003,0,2,0,1,-3,4,-2,-2,4,-3,3,4,-11,0,1,1266,1221
2003,-12,6,14,-6,-13,-3,2,-3,0,-2,0,1,-5,-2,10,1281,1356
2003,8,-3,-10,10,12,5,0,-5,-6,3,6,-1,7,5,-8,1454,1323
2003,-8,-1,-2,2,0,-4,-3,-16,-7,-4,11,-17,15,-1,4,1354,1328
2003,9,8,4,6,3,4,9,-17,-14,-5,6,8,-9,1,3,1390,1360
2003,-7,2,-10,16,9,1,-5,-4,-4,4,8,-13,-9,-3,-1,1173,1409
2003,-7,-2,-3,8,13,1,-2,-7,-4,12,4,-7,7,-3,1,1451,1458
2003,0,1,3,-6,-2,1,3,-3,-5,-1,-3,2,3,-4,3,1120,1386
2003,5,4,3,3,-3,1,-2,6,2,1,-2,-1,-7,3,2,1280,1139
2003,-14,1,-6,-10,-4,-7,-13,4,3,3,1,-30,13,-5,6,1358,1196
2003,2,-4,2,6,-3,2,-3,10,9,4,-4,5,-3,-1,0,1231,1104
2003,12,3,7,5,5,6,18,-11,-11,-5,2,31,-15,0,-6,1246,1237
2003,7,1,8,3,16,6,11,-9,-6,7,4,22,-9,7,-6,1257,1122
2003,1,2,8,-10,-1,-3,7,-11,-9,-2,1,2,-5,-4,5,1268,1423
2003,7,-7,5,-1,-4,2,0,8,13,-2,-1,15,-3,-1,-2,1277,1160
2003,2,0,-2,-2,-9,1,-7,-12,-1,-8,3,-14,5,-7,7,1335,1329
2003,-9,-4,-3,5,-8,-2,-12,-3,0,-1,1,-26,13,-8,10,1447,1338
2003,0,-2,7,-10,-8,3,7,2,7,-9,5,24,1,2,3,1345,1261
2003,0,7,14,-10,-9,-2,8,-3,-3,-3,3,11,-11,-4,7,1393,1264
2003,10,-1,12,-5,0,1,8,8,4,6,0,21,-15,-3,3,1400,1421
2003,0,2,-6,6,6,6,-1,-6,-2,0,0,2,1,1,-2,1428,1332
2003,6,5,4,13,9,1,5,-8,-8,6,-1,3,-13,-4,4,1448,1190
2003,6,-2,9,-9,-1,-5,3,12,11,5,-8,12,-11,-1,1,1462,1407
2003,2,1,-2,6,3,4,0,-8,-5,-2,5,-1,8,-2,2,1211,1112
2003,0,5,-4,13,-6,2,-4,-4,-5,-6,5,-11,-1,-2,2,1390,1163
2003,6,7,4,-2,-5,2,11,2,2,-10,4,26,-8,11,-10,1181,1141
2003,-10,-1,-14,6,10,-1,-12,-11,-7,5,1,-32,8,1,-2,1113,1242
2003,-1,-4,5,-18,-10,-3,4,1,4,-10,3,9,-3,2,0,1266,1281
2003,0,1,1,7,-2,8,3,-11,-6,-5,3,8,1,-1,2,1323,1228
2003,-10,2,-5,3,1,-2,1,-12,-9,-7,8,-9,7,3,-3,1143,1328
2003,0,0,-8,11,-2,3,-4,12,6,-1,-5,1,-8,4,-6,1458,1409
2003,6,-1,-2,-4,7,-4,6,-1,-2,0,-5,6,8,2,-4,1120,1448
2003,-8,0,1,3,2,-3,1,-15,-7,-2,10,-8,-8,2,2,1257,1139
2003,3,1,8,-1,7,0,7,2,6,5,-3,20,-8,-3,-3,1246,1428
2003,7,6,12,-5,1,-4,10,-7,-3,-1,5,13,3,0,1,1268,1462
2003,-6,1,-7,5,-2,-1,-9,-6,-3,-1,2,-22,-5,-3,4,1196,1277
2003,-2,1,-6,8,-3,2,-6,-18,-12,-5,4,-22,5,-6,5,1231,1338
2003,0,-5,-6,7,6,-2,-4,1,-2,6,0,-12,3,-3,5,1329,1393
2003,-2,-2,5,-5,0,0,2,2,6,0,-3,10,-8,-3,0,1400,1345
2003,-4,-1,-3,9,-17,3,-11,7,2,-5,-1,-17,4,-6,9,1323,1112
2003,3,-2,7,-14,2,-9,4,9,5,7,-2,4,-1,-2,3,1242,1181
2003,0,3,2,-16,4,-7,5,8,3,5,-3,6,-4,3,-1,1246,1458
2003,-2,-1,-2,-2,-1,2,-1,7,3,0,-1,3,1,1,-2,1266,1338
2003,2,-1,2,1,2,4,2,-6,-6,2,5,2,1,-4,3,1277,1268
2003,5,-1,6,-3,12,0,8,-5,-5,12,0,11,-11,-1,0,1328,1139
2003,1,-2,5,8,-3,5,-2,-4,-2,-1,2,-1,7,-4,7,1120,1393
2003,0,-3,4,5,-2,1,-6,11,15,7,0,4,-4,-2,-1,1400,1163
2003,0,-3,4,-4,-12,2,-6,5,7,-4,-3,-3,-1,-5,4,1112,1242
2003,-7,-4,-10,-3,9,-6,-6,9,4,10,-3,-14,-2,4,-4,1246,1266
2003,-6,2,-14,16,10,3,-7,-8,-5,2,3,-16,-2,0,-5,1328,1393
2003,-5,-2,6,2,3,2,0,-12,-11,4,6,-9,6,-5,8,1277,1400
2003,-15,-2,-15,-3,3,-5,-15,1,2,2,2,-33,1,-1,-1,1266,1242
2003,-6,0,11,-8,-7,-3,5,-1,4,-8,-5,11,2,3,-1,1393,1400
2003,-5,3,-1,-2,-8,7,-1,-13,-2,-15,6,3,1,1,-1,1393,1242
2004,-1,-1,4,-10,2,-1,7,4,2,-2,-5,15,0,1,-5,1197,1250
2004,-8,1,4,-6,-6,-5,0,11,6,1,-7,1,-1,3,2,1104,1356
2004,-4,-2,-13,18,8,5,-7,-17,-8,0,11,-17,13,1,-1,1436,1163
2004,-2,0,-6,7,20,-2,3,-17,-11,7,10,-7,3,1,-1,1173,1177
2004,-12,-3,-7,-6,-9,-2,-10,-14,-13,-8,1,-35,15,-7,7,1106,1181
2004,-11,-5,-15,10,9,3,-11,-14,-8,0,6,-27,13,0,-2,1434,1211
2004,-6,0,-1,-2,-15,-3,-5,1,-2,-9,-3,-15,-7,-4,4,1196,1264
2004,-4,-4,-1,-1,-3,-3,0,-7,0,-7,5,-3,9,-5,0,1431,1268
2004,4,-2,-3,-6,9,-2,3,-11,-10,1,9,-6,-3,3,-3,1277,1305
2004,3,1,-2,12,-14,4,-5,-5,-5,-12,0,-11,5,-3,3,1102,1314
2004,0,-3,-1,11,5,3,-1,5,3,5,4,4,-1,2,-4,1371,1112
2004,1,2,-3,3,9,2,5,10,7,3,-5,19,-15,8,-12,1386,1251
2004,9,6,12,-1,-9,4,12,-6,-2,-11,5,26,-15,3,1,1390,1427
2004,7,-3,3,10,9,-1,2,-9,-8,10,8,-5,7,0,2,1140,1393
2004,1,-1,-12,11,1,-6,-5,-2,-1,-8,2,-17,11,2,-6,1343,1400
2004,-3,2,-2,13,-1,2,-4,3,3,-1,4,-3,1,4,-2,1150,1403
2004,1,2,-3,4,3,5,1,-14,-8,-2,6,-1,9,0,6,1433,1448
2004,-8,-3,-4,14,6,0,-4,-1,1,5,-1,-7,5,-2,0,1428,1130
2004,8,8,12,9,-12,7,0,-9,-4,-5,5,3,-9,-8,11,1153,1190
2004,5,-2,-4,9,-1,4,-4,-2,-1,-5,2,-5,11,-2,-2,1320,1210
2004,11,3,10,4,11,1,10,-4,-2,7,4,19,-7,1,-2,1228,1293
2004,-8,-8,-20,4,25,-2,-4,-26,-15,5,6,-25,9,3,-10,1227,1242
2004,-10,-4,-12,2,4,0,-5,-11,-10,-1,4,-20,15,5,0,1197,1246
2004,7,0,1,14,17,7,8,-9,-7,10,1,16,-3,-2,-3,1272,1376
2004,7,3,17,-5,5,-1,12,8,10,10,-5,33,-13,5,0,1280,1284
2004,1,-2,3,-5,0,0,2,1,5,2,-1,9,-11,-4,0,1301,1418
2004,4,-3,-11,13,4,1,-9,-3,-2,1,-1,-19,13,-4,-1,1186,1329
2004,-5,1,-1,12,11,0,-1,-12,-6,8,7,-8,-7,-3,3,1344,1334
2004,-3,1,3,-4,-8,0,-3,21,15,1,-7,9,-11,2,-1,1338,1416
2004,-4,3,5,-6,-1,-3,5,-10,-9,-1,4,-2,-1,-2,4,1449,1412
2004,6,4,7,0,-17,9,4,2,-4,-10,-4,13,-5,-4,5,1435,1444
2004,3,0,-2,-2,3,-1,0,-11,-11,2,8,-12,5,1,5,1350,1458
2004,-3,0,14,-14,-17,-1,-2,16,15,-1,-11,10,-3,-1,5,1462,1257
2004,-4,8,-3,-5,-30,-3,-10,33,26,-17,-15,3,7,4,-4,1104,1390
2004,-3,-5,-5,-1,-1,0,-6,-10,-5,-4,5,-17,5,-4,3,1177,1163
2004,-5,-3,-15,6,9,-1,-2,-22,-23,-3,9,-28,7,1,0,1371,1181
2004,9,3,9,-5,-11,5,2,11,10,-5,-5,19,8,0,-2,1305,1211
2004,3,2,0,-19,-4,-9,-2,9,8,-2,-5,-5,7,3,-4,1403,1386
2004,2,1,2,0,-3,-1,-2,0,3,0,1,-2,-1,-2,5,1268,1393
2004,4,0,-6,15,10,4,-2,-4,-3,7,2,-3,3,0,0,1314,1400
2004,0,-1,5,0,-6,1,0,4,3,0,-5,4,-8,0,2,1448,1264
2004,-1,1,3,-5,-7,-1,-3,9,4,3,-3,-3,3,-1,5,1130,1210
2004,12,-4,-1,3,-3,4,8,3,4,-12,0,24,1,8,-9,1228,1153
2004,2,-2,-7,5,-6,1,-6,-6,-4,-6,3,-15,8,-5,1,1334,1242
2004,9,-2,9,-5,-3,-1,8,3,2,3,1,17,-5,2,5,1329,1272
2004,1,0,1,-8,11,-6,4,2,2,8,-3,4,-3,3,-4,1338,1458
2004,6,-3,-6,-2,6,1,3,-5,-6,-2,3,1,8,5,-4,1412,1246
2004,-2,-1,1,6,8,3,4,-13,-13,3,7,-2,-3,-3,-2,1301,1435
2004,0,6,10,-7,-17,4,4,2,3,-12,-7,15,5,-8,5,1462,1280
2004,10,2,-2,8,-3,4,0,3,5,-6,-3,9,3,6,-9,1104,1393
2004,3,4,18,-7,-6,-2,7,7,8,5,-4,20,-4,-2,7,1163,1435
2004,-5,-4,-7,9,13,-1,-1,-6,-9,10,2,-12,1,-1,2,1338,1329
2004,0,4,-1,8,7,4,2,-2,-4,3,-1,4,-3,2,-4,1386,1448
2004,-2,-3,-2,-5,13,-2,-2,-4,-4,9,1,-10,4,-5,-1,1228,1181
2004,-5,-2,-7,2,6,-1,-5,2,6,3,0,-5,7,-5,-5,1305,1210
2004,-9,1,-16,23,15,4,-7,-20,-16,4,8,-26,5,4,-5,1412,1242
2004,1,-3,2,9,-4,1,-3,18,13,2,-5,8,4,5,-1,1462,1400
2004,3,2,4,-2,0,4,4,11,4,3,-5,16,-6,1,-2,1163,1104
2004,2,-3,-12,9,4,4,-3,-2,0,-6,-2,-2,-1,6,-8,1386,1329
2004,-7,-7,-5,-5,9,-5,1,3,0,6,-2,-3,6,-1,-1,1462,1181
2004,1,0,-4,3,9,3,1,-15,-13,1,9,-8,1,-5,3,1242,1210
2004,-2,3,11,-11,-19,0,-3,9,7,-4,-4,1,1,-3,9,1163,1181
2004,6,4,1,2,-1,3,2,-9,-5,-5,4,2,1,4,-1,1210,1329
2004,-1,-1,-7,5,10,2,1,-18,-13,0,8,-9,1,5,-2,1210,1163
2005,2,1,-10,13,2,3,-6,-2,-1,-4,3,-10,0,4,-3,1105,1324
2005,6,-3,-4,5,6,1,-3,-8,-8,3,4,-13,11,3,1,1429,1112
2005,-7,-4,-15,18,19,2,-5,-15,-12,8,5,-20,9,3,-2,1335,1130
2005,-13,-7,0,-1,2,-4,-7,3,6,7,1,-12,3,1,3,1234,1153
2005,-3,5,3,-10,-1,-5,5,10,5,1,-5,10,-11,1,-3,1211,1457
2005,5,-1,-5,5,-3,2,0,10,10,-7,-6,12,-15,2,-9,1228,1192
2005,-3,3,0,-7,-8,-4,0,15,12,-4,-9,8,-13,4,-3,1246,1184
2005,9,1,6,4,-6,-2,-1,12,8,3,-2,4,1,-1,3,1305,1400
2005,4,1,8,-15,6,-3,10,0,0,3,-2,17,-11,1,-2,1328,1310
2005,5,-2,5,-3,-4,2,1,5,4,0,-2,8,-1,-5,2,1334,1338
2005,5,0,10,-13,-8,-3,6,1,3,-5,-1,12,-5,2,1,1403,1417
2005,5,-3,-2,-15,-5,1,4,14,5,-5,-3,14,5,2,-6,1412,1261
2005,-2,-3,-8,-15,4,-4,1,-11,-4,-10,7,-6,5,-1,-8,1431,1428
2005,-4,-1,2,-8,-6,-2,-3,-12,-8,-4,7,-16,13,-5,7,1151,1448
2005,4,1,2,-1,-7,0,-1,14,13,-3,-2,11,-15,4,-2,1449,1285
2005,7,1,4,0,-4,0,1,0,0,-2,-1,2,-3,4,-1,1452,1166
2005,3,-2,-8,-2,0,3,0,12,7,-4,-2,10,7,3,-12,1454,1104
2005,-3,2,5,-20,-9,-7,-2,11,10,-1,-6,-1,-11,-5,4,1242,1137
2005,1,0,12,-22,-3,-8,8,4,-2,2,-8,6,-13,-3,3,1163,1416
2005,-1,5,6,5,-13,1,-3,23,16,-4,-8,11,-15,2,-3,1181,1175
2005,-7,-3,2,-5,-8,2,-3,7,-1,-1,0,-5,9,-3,4,1325,1196
2005,8,1,-10,0,9,-1,1,-6,-13,2,-2,-12,7,-1,-3,1203,1210
2005,-3,-7,-3,15,6,3,-4,-9,-6,5,1,-11,-1,-3,4,1278,1235
2005,-2,2,-4,10,4,2,-2,9,8,3,-2,6,-9,-2,-7,1257,1418
2005,-2,0,5,-6,-10,-4,3,10,6,-5,-7,8,-7,0,-2,1277,1330
2005,4,3,11,-1,-6,5,8,1,2,-2,0,23,1,-3,4,1280,1390
2005,3,6,-2,-2,1,-4,3,8,10,-1,-8,12,3,6,-4,1301,1150
2005,-15,-3,-13,-4,0,-6,-12,-1,2,-4,3,-28,15,0,-5,1324,1314
2005,3,-1,8,-3,-8,1,-2,19,16,3,-9,13,-13,-1,0,1329,1368
2005,-9,0,5,8,-10,0,-8,8,7,4,-5,-9,3,-6,10,1388,1356
2005,-6,3,6,-9,-4,-4,1,-2,-1,1,0,-3,-9,-1,8,1393,1436
2005,3,0,6,4,-4,4,-2,12,8,6,-5,8,-7,3,3,1437,1307
2005,-6,0,2,-9,5,-7,2,-2,-2,3,2,-5,5,1,0,1320,1458
2005,1,5,11,-8,-7,1,9,5,3,-4,-8,22,-8,-2,2,1112,1412
2005,-8,-2,-6,-3,5,1,-6,5,-1,6,-1,-12,8,1,-2,1305,1228
2005,-6,-1,-8,14,12,0,-5,1,1,9,2,-9,5,-3,-5,1153,1246
2005,-4,0,3,2,3,-2,0,2,0,9,3,-2,-3,-5,6,1211,1403
2005,12,-1,16,-11,-29,3,1,9,4,-10,-5,9,3,-6,13,1428,1328
2005,4,2,9,-1,-3,1,6,2,5,-5,2,18,-7,-2,-1,1449,1334
2005,-3,2,-4,-2,-1,-2,1,3,6,-7,-2,6,5,-2,-7,1452,1448
2005,1,3,-5,13,5,7,3,-13,-5,-5,4,8,8,5,-6,1454,1130
2005,-1,1,9,8,-12,4,-1,0,6,-5,3,8,-8,1,6,1181,1280
2005,-1,7,13,5,-11,4,2,18,14,2,-6,22,-1,-6,4,1257,1210
2005,-7,-4,-9,10,14,5,-5,-8,-6,11,3,-11,8,0,0,1436,1277
2005,4,0,-3,6,-2,8,-2,-1,-1,-2,2,3,8,7,-1,1301,1163
2005,0,2,8,12,-11,4,4,20,15,-5,-5,27,-8,6,-4,1314,1235
2005,-4,0,-6,7,10,0,-2,-3,-4,4,5,-8,5,5,-3,1356,1329
2005,-1,0,-3,7,-6,4,-4,-10,-7,-7,7,-11,-1,-5,5,1196,1437
2005,1,-1,0,2,-4,2,-2,15,11,1,-12,9,-8,1,-3,1458,1137
2005,0,-5,-12,9,19,3,-2,-4,0,8,0,-1,-1,7,-6,1329,1112
2005,8,-1,3,-9,0,2,6,-3,0,-5,8,14,-11,3,-3,1228,1454
2005,-2,-4,-14,-1,11,-5,-3,0,-3,3,7,-14,-3,1,-6,1449,1257
2005,-4,-2,-1,-14,5,-8,0,3,3,4,0,-5,-1,6,-2,1403,1452
2005,0,-2,-5,-3,2,0,-7,9,4,5,-5,-10,4,-1,-2,1428,1246
2005,4,-2,-2,-9,14,-2,5,-1,2,7,0,10,4,2,-6,1277,1181
2005,-4,2,-11,9,13,0,3,-5,-7,2,-3,-1,4,2,-8,1437,1314
2005,-5,-5,12,-12,-8,-5,2,12,10,2,-11,9,-4,-8,5,1458,1301
2005,0,-6,-7,17,10,9,0,-6,-8,2,8,1,-2,1,-4,1228,1112
2005,4,-2,-4,-1,-11,7,-6,-10,-3,-11,1,-8,3,-3,3,1452,1257
2005,1,0,2,0,-5,1,-1,7,7,1,-5,6,3,-1,2,1277,1246
2005,-2,-5,-2,8,-3,6,-4,-5,-4,-2,2,-6,5,0,3,1458,1314
2005,-11,4,-9,-10,-2,-6,-6,4,3,-3,1,-15,3,1,-2,1257,1228
2005,3,2,11,-3,-3,-1,10,-1,-3,-2,-2,16,-4,-5,1,1314,1277
2005,6,-1,-4,24,18,3,0,-13,-8,9,5,-5,0,4,-2,1228,1314
2006,-14,-6,-4,-11,2,-6,-8,4,0,8,0,-22,0,2,4,1214,1284
2006,2,-1,1,1,-6,5,-4,12,8,3,-5,5,3,-5,2,1104,1266
2006,-4,0,0,2,6,4,-3,-11,-10,7,6,-12,9,-8,7,1334,1130
2006,-7,-4,-10,-2,13,-1,-2,-10,-11,7,9,-16,15,5,-4,1380,1181
2006,-13,-4,-7,-5,-4,-1,-10,-4,-5,-1,8,-26,11,-1,5,1375,1196
2006,-4,0,-6,0,12,-1,-1,4,6,7,-2,3,-1,4,-5,1203,1423
2006,-3,3,4,-16,-1,-4,5,-6,-2,-2,5,4,-11,0,2,1211,1462
2006,2,0,7,-5,9,-5,8,-4,-2,6,4,9,-9,-1,0,1228,1102
2006,1,2,10,-8,-16,2,-4,-1,2,-5,3,-4,5,-4,7,1361,1231
2006,-10,-8,-14,8,10,-2,-4,-2,-6,4,2,-16,9,2,-3,1233,1261
2006,3,-5,3,-6,-14,1,-4,17,15,-7,-11,8,7,-3,-1,1285,1305
2006,-2,3,2,-3,-3,-2,2,-3,0,-4,0,2,-13,-1,-2,1397,1457
2006,-2,-3,0,-1,-5,-3,0,-1,-5,-3,-3,-8,-7,-2,2,1393,1401
2006,11,1,18,-6,-3,0,13,4,8,0,-2,34,-13,3,0,1417,1125
2006,2,-1,-9,14,8,9,3,-2,-1,-4,0,14,-7,8,-15,1449,1429
2006,-5,-3,-3,6,-6,1,-7,24,21,0,-10,8,5,0,-6,1454,1328
2006,9,-3,5,2,-4,4,6,13,4,3,-4,20,-3,-4,2,1455,1371
2006,0,3,10,-10,1,-5,10,1,4,-1,2,19,-1,5,-1,1112,1458
2006,6,0,-1,3,-6,4,-3,13,6,0,-8,4,9,-6,-2,1133,1242
2006,3,2,-1,-9,3,-9,2,6,1,4,-2,-4,-1,-6,-1,1116,1137
2006,5,4,7,1,-6,4,3,5,3,-1,-5,13,-15,-5,4,1163,1107
2006,10,-4,-12,14,11,5,-3,-21,-9,-4,13,-10,-5,-2,-4,1277,1206
2006,5,1,2,-7,-2,-2,3,2,1,-1,-3,5,-3,0,1,1207,1320
2006,5,4,-2,-1,-3,0,6,-13,-17,-7,4,-5,1,3,2,1412,1246
2006,2,-2,4,7,8,4,9,-4,-6,5,4,16,-15,6,0,1272,1331
2006,-1,0,-1,0,5,0,-1,-7,-4,2,3,-6,-3,2,2,1143,1301
2006,10,1,9,-9,-17,-2,-3,13,12,-5,-7,4,-11,1,4,1314,1293
2006,-7,1,10,-5,-19,-3,-5,12,12,-5,-4,-1,-11,-5,8,1234,1322
2006,-3,1,-2,0,-3,0,0,16,8,1,-7,8,-13,1,-5,1326,1172
2006,6,6,9,-8,-13,-3,8,2,2,-10,-6,15,-7,-2,2,1338,1245
2006,3,-5,-18,17,8,8,-1,-13,-14,-3,6,-8,13,0,-3,1335,1400
2006,5,2,0,-8,-11,-3,-2,-6,-6,-9,0,-13,15,-6,5,1284,1437
2006,-3,-1,-2,-19,-3,-7,-2,-7,-7,-3,4,-18,5,-1,4,1356,1452
2006,3,-6,-6,3,-8,-1,-7,2,2,-9,2,-13,8,1,-1,1285,1130
2006,-2,-7,-10,2,24,-1,0,-18,-12,10,14,-13,7,4,-4,1203,1181
2006,-7,-4,-12,0,5,-1,-8,-2,-5,4,-1,-22,8,0,1,1454,1196
2006,5,1,-3,25,8,14,3,-35,-30,0,15,-10,3,-7,6,1231,1211
2006,4,-3,3,1,-1,4,3,-11,-11,-2,10,-1,8,3,4,1401,1261
2006,-7,-1,6,-14,-8,-7,-5,12,14,3,-5,-3,8,2,4,1104,1417
2006,7,-5,-2,3,18,0,8,-28,-19,2,11,-3,-1,-1,1,1228,1449
2006,-1,5,-5,14,19,1,3,-16,-14,9,8,-7,-5,6,-3,1397,1455
2006,-3,0,2,14,2,4,3,-21,-16,-4,7,-6,-8,-6,6,1338,1133
2006,1,0,-1,-11,0,-4,2,12,4,2,-5,4,-7,0,-2,1163,1246
2006,2,8,0,14,6,6,0,-15,-11,2,7,-5,-8,-4,5,1314,1206
2006,8,1,4,-2,11,1,8,3,1,9,-4,18,5,2,-3,1207,1326
2006,-7,-2,4,-4,-7,-5,-8,3,5,4,0,-16,8,-6,10,1137,1272
2006,7,0,7,-3,0,5,4,7,8,3,-3,21,-8,1,-3,1400,1301
2006,2,-2,-5,-2,13,-4,0,0,0,8,0,-4,7,1,-3,1112,1437
2006,-2,-1,-4,2,-9,1,-3,22,18,-9,-9,13,-8,6,-10,1452,1322
2006,2,4,2,-19,-4,-3,6,7,-1,-1,-2,8,3,-2,-1,1261,1181
2006,5,4,9,-1,0,1,11,-9,-7,-3,0,16,-12,6,-4,1272,1133
2006,0,0,-15,14,-3,11,-3,-12,-8,-14,2,-3,4,-5,-5,1452,1400
2006,2,0,6,-11,-6,-3,1,-4,-1,-1,0,-2,1,-2,7,1211,1417
2006,-6,-2,-11,1,29,-4,7,-24,-16,7,13,-6,4,12,-9,1449,1163
2006,-8,4,3,-8,-9,0,-2,9,8,-4,-2,4,-4,-4,0,1196,1207
2006,-4,-4,-4,8,20,-5,0,-6,-3,15,5,-8,-4,-1,0,1455,1206
2006,-9,-4,-7,0,11,-1,-2,3,6,4,0,1,-3,6,-10,1437,1130
2006,4,0,2,-11,-3,-7,7,5,3,-5,-3,10,2,1,-2,1261,1400
2006,-2,-1,2,9,14,0,3,-24,-11,3,15,-5,-1,4,1,1272,1417
2006,-6,-2,-20,6,19,0,-4,-4,-5,7,2,-13,-2,4,-10,1437,1196
2006,-2,-5,2,-4,-6,2,-1,6,2,1,-3,2,10,0,2,1206,1163
2006,-2,-2,-8,-14,3,-10,0,-5,-5,-5,3,-15,8,3,-4,1206,1196
2006,-6,2,-8,-12,-1,-5,-5,11,1,-1,-6,-14,2,-1,-2,1261,1417
2006,-10,-9,0,-2,3,-3,-4,-6,-5,5,9,-16,-1,-4,6,1417,1196
2007,-3,-1,-2,10,-2,4,-5,10,14,2,-9,8,0,-1,-2,1310,1197
2007,-5,-9,-8,-3,8,-1,0,-11,-8,0,5,-9,3,1,-2,1403,1130
2007,-7,1,-4,-4,9,-5,-1,-9,-4,3,6,-11,7,2,0,1330,1139
2007,7,3,12,-10,-3,1,9,3,6,-3,0,25,-13,3,0,1207,1125
2007,-1,3,-9,-6,-2,-2,-4,0,-3,-6,3,-13,3,3,-3,1211,1231
2007,2,0,-2,5,0,4,4,1,8,-9,3,20,-5,9,-8,1257,1390
2007,2,2,13,-20,-2,-4,7,5,2,6,-2,12,-9,-5,5,1268,1172
2007,-10,1,-7,19,6,6,-7,0,-4,8,1,-12,-1,0,0,1266,1277
2007,10,5,17,-9,-2,0,9,5,3,5,-5,21,-15,-5,6,1314,1184
2007,-6,1,-5,6,-1,-1,-9,-8,-2,-3,7,-21,15,-1,2,1148,1326
2007,-9,-6,-19,-1,14,-5,-7,-2,-2,5,3,-21,11,6,-9,1460,1338
2007,2,4,10,-7,-7,1,3,19,9,3,-6,16,-11,2,-2,1401,1335
2007,-10,-2,-3,-13,-20,-9,-14,13,9,-7,-5,-28,13,-1,4,1451,1417
2007,3,-5,-7,5,3,6,-1,-8,-2,-4,7,2,5,8,-6,1433,1181
2007,-16,2,-4,-17,-13,-9,-13,9,2,-1,-6,-33,5,-3,9,1203,1435
2007,-1,-4,-5,8,-4,1,-8,4,-1,3,-3,-16,11,0,6,1331,1450
2007,2,2,3,-2,-11,-1,-5,16,13,-2,-4,2,1,1,0,1462,1140
2007,-17,-5,-26,-6,-4,-4,-18,-13,-3,-17,7,-43,15,3,-4,1238,1196
2007,20,6,10,3,8,11,19,-8,-9,-3,9,40,-15,2,-9,1242,1310
2007,-4,-3,-7,2,11,2,-2,-11,-7,0,4,-9,1,0,-3,1437,1246
2007,0,3,2,6,9,0,6,5,3,9,-6,15,-13,0,-3,1272,1317
2007,-4,-8,-13,-1,9,-4,2,-5,-6,-4,1,-6,3,8,-13,1166,1305
2007,0,-3,-1,-4,0,-2,-2,7,8,1,-3,2,-11,2,-2,1332,1275
2007,-6,-5,-3,2,12,1,3,11,2,10,-5,9,1,6,-9,1345,1112
2007,-1,-3,0,-1,1,-1,-4,1,-1,2,2,-10,9,0,2,1221,1356
2007,-14,-1,-8,-6,-8,-2,-11,-16,-11,-7,3,-35,7,-9,7,1253,1397
2007,-3,4,3,-9,-11,-3,0,14,15,-7,-8,12,-9,3,-2,1400,1308
2007,4,1,0,19,-1,5,-6,10,11,3,-3,4,-3,-1,-2,1424,1210
2007,5,2,14,-7,-7,1,4,5,8,-1,-2,17,-7,3,1,1425,1116
2007,0,-1,-13,9,2,-1,-8,-11,-10,-3,5,-27,9,-1,1,1107,1438
2007,-1,3,-10,-3,-3,0,-4,13,10,-5,-10,2,-7,8,-12,1439,1228
2007,10,4,4,-1,-5,4,0,6,6,-2,-6,10,5,-5,0,1457,1323
2007,3,1,4,-8,-9,-1,-2,-5,-8,-4,5,-13,13,-3,7,1394,1458
2007,-1,8,8,-15,-3,-6,0,9,3,6,-2,-3,-1,-6,5,1268,1139
2007,-3,-4,-4,5,3,2,-1,-8,-7,-1,3,-7,5,0,-1,1130,1207
2007,3,-3,-8,4,7,2,-3,-17,-10,-3,10,-14,8,-1,0,1277,1314
2007,-3,4,10,-2,2,1,0,4,6,7,-2,7,-8,1,5,1326,1462
2007,-7,-3,-9,11,14,1,-2,-10,-2,1,5,-5,8,4,-9,1433,1338
2007,4,-6,-3,-10,-4,0,-1,8,5,-2,-5,3,-3,3,-3,1401,1257
2007,2,-2,4,-7,-5,-3,0,3,8,-4,0,5,-5,2,-2,1417,1231
2007,-3,-2,1,8,3,3,0,1,1,2,1,4,3,2,-2,1435,1450
2007,-4,3,7,1,-17,0,-7,18,21,-4,-9,7,-8,-5,3,1196,1345
2007,-2,-3,-4,10,5,0,-6,0,0,6,1,-12,7,-2,1,1246,1242
2007,6,0,-4,4,-2,-1,-2,-17,-11,-6,6,-16,5,-2,4,1305,1272
2007,5,3,-1,8,5,-3,-3,-4,-5,8,1,-14,8,0,5,1457,1332
2007,8,1,0,8,-3,10,0,7,5,1,-2,15,-1,2,-2,1356,1439
2007,7,-5,4,0,6,4,4,-4,-9,6,-1,3,1,2,4,1397,1438
2007,-2,1,3,-1,1,5,3,-7,-5,-1,1,6,5,-3,1,1424,1458
2007,3,-1,6,-12,-5,-1,3,22,14,2,-11,19,1,3,-4,1425,1400
2007,-7,1,-6,19,15,5,-4,-5,0,11,5,-3,3,-3,-4,1356,1242
2007,6,-6,4,-7,5,-2,5,-11,-9,1,5,-1,1,2,0,1401,1272
2007,1,-4,-1,9,11,8,3,-18,-15,2,7,-1,4,1,-1,1397,1326
2007,3,0,-8,3,13,2,2,-12,-15,2,5,-9,1,4,-4,1338,1417
2007,1,6,7,0,-16,1,-3,15,13,-5,-9,8,-4,-6,4,1196,1139
2007,-3,-1,6,-8,5,-1,4,-6,-6,8,2,1,-4,-2,6,1207,1435
2007,-2,-3,-3,-4,16,-3,4,8,5,10,-5,10,-4,1,-9,1314,1425
2007,-2,0,11,-10,-26,4,-5,10,10,-12,-1,4,-4,-4,9,1332,1424
2007,1,1,-5,5,14,5,0,-21,-21,6,14,-16,1,-3,3,1272,1326
2007,5,3,-7,-9,11,-4,-1,-7,-7,4,5,-13,-1,2,-4,1242,1417
2007,3,-3,-8,-2,10,-3,4,-27,-13,-7,16,-8,2,3,-5,1332,1196
2007,11,7,5,-6,-5,3,13,-16,-17,-10,-1,12,1,-1,1,1207,1314
2007,2,-6,-15,1,19,-4,1,-18,-8,-2,9,-10,1,4,-13,1417,1196
2007,4,0,0,7,-6,3,0,-11,-10,-7,5,-7,1,-5,6,1207,1326
2007,1,-1,10,-5,-11,6,-4,8,11,0,-1,9,0,-6,8,1196,1326
2008,-1,3,-2,-3,2,-1,6,-19,-20,-5,6,-9,0,-5,0,1164,1291
2008,-3,0,3,-2,-1,-2,-1,6,5,4,-4,1,-13,4,1,1181,1125
2008,10,0,5,0,6,3,12,1,-3,2,-3,24,-15,2,-5,1242,1340
2008,-3,3,-5,-4,-10,-1,-8,1,4,-12,3,-13,-5,-1,-2,1425,1243
2008,-3,-2,2,-7,4,-3,0,12,11,6,-4,8,-5,1,-5,1266,1246
2008,-6,0,-9,8,2,2,-5,1,-3,1,-6,-11,7,3,-1,1396,1277
2008,-6,-3,-8,-4,0,-6,-7,3,2,0,-1,-18,7,1,-2,1206,1323
2008,7,-4,12,0,6,-1,10,-2,0,5,2,19,-9,-1,-1,1338,1331
2008,3,5,6,-8,-2,1,5,-2,0,0,3,11,-5,-3,2,1345,1124
2008,13,4,19,-8,-3,0,13,-3,-2,3,-2,24,-11,-3,8,1390,1165
2008,-5,1,-11,6,8,-1,-1,-3,-2,-1,0,-5,-1,4,-6,1140,1401
2008,-13,-8,-21,-6,9,-7,-14,-5,-6,3,0,-41,15,0,-1,1290,1417
2008,-7,-6,-7,-1,2,-1,-8,6,4,5,-2,-13,1,-1,1,1245,1424
2008,-13,1,-17,6,3,2,-13,-5,-7,-2,2,-31,9,1,-3,1457,1450
2008,4,0,0,4,9,5,7,-12,-9,0,3,10,-3,3,-3,1452,1112
2008,6,7,12,-5,1,-4,4,12,11,11,-14,15,-11,-1,3,1458,1168
2008,-1,2,1,0,8,0,6,-28,-24,0,10,-12,11,-5,6,1208,1462
2008,0,1,9,-7,-16,-2,-2,21,20,-5,-5,14,1,-3,2,1116,1231
2008,-10,3,-4,-8,-5,-9,-6,14,1,6,-2,-20,3,-4,3,1375,1139
2008,4,0,-4,-5,2,-1,0,7,7,-1,-1,6,3,-2,-5,1172,1211
2008,-6,-2,-9,3,-1,0,-10,-1,1,-2,4,-19,13,6,-3,1420,1207
2008,0,6,0,7,-2,8,3,6,4,-4,4,18,-11,5,-3,1257,1129
2008,2,2,6,7,-1,5,4,14,11,4,-5,24,-15,2,-2,1272,1426
2008,-1,0,11,-10,4,-3,6,-2,5,3,0,14,-3,1,2,1274,1388
2008,-3,-4,-7,21,13,5,-2,-17,-8,3,11,-7,1,1,-2,1332,1280
2008,-9,-3,-17,6,-6,0,-15,-11,-9,-9,2,-39,15,-4,6,1291,1314
2008,3,2,4,0,-7,0,0,12,8,-3,-4,8,-5,1,-3,1328,1386
2008,-1,0,-6,6,7,1,6,-13,-12,-4,5,1,9,6,-4,1360,1163
2008,-4,0,-7,0,15,-5,-1,-13,-14,9,8,-21,-9,-1,-1,1435,1373
2008,4,0,0,-6,-13,-3,1,19,16,-12,-10,15,-13,7,-8,1397,1110
2008,7,5,12,-1,-4,4,10,-3,-4,-3,-3,20,-13,-2,4,1400,1122
2008,1,2,-12,20,16,2,1,-6,-10,7,9,-6,-7,2,-5,1155,1437
2008,0,0,8,-14,-1,-2,11,-19,-18,-6,8,2,7,-3,7,1443,1179
2008,3,0,12,-9,5,0,17,-15,-15,-2,6,19,-7,1,0,1242,1424
2008,-8,6,-10,7,0,-4,-8,10,9,-1,-1,-11,-1,7,-6,1338,1277
2008,8,1,-1,-16,-13,-3,-3,16,10,-6,-10,1,-3,1,-1,1390,1266
2008,-5,9,2,8,-7,4,-3,4,4,-2,1,2,-8,5,3,1417,1401
2008,-7,1,-3,0,-1,-1,-11,-1,3,4,1,-20,1,-5,6,1323,1450
2008,-6,-2,-8,11,-12,1,-6,10,5,-12,-2,-6,-5,5,-4,1181,1452
2008,6,-1,-2,9,-7,9,3,8,2,-8,-5,17,-8,-1,-3,1458,1243
2008,3,-1,5,-9,-17,-3,1,10,8,-8,-9,7,-3,-3,4,1462,1345
2008,1,3,7,-10,-16,4,4,-13,-16,-5,7,-4,-8,-4,15,1207,1172
2008,15,0,5,-1,7,4,17,-4,-8,0,0,30,-3,4,-4,1257,1328
2008,-10,-4,0,3,-3,2,-2,-12,-1,-8,7,-3,7,-1,3,1280,1272
2008,17,2,8,-2,6,3,16,-6,-4,-3,5,31,-8,-2,-2,1314,1116
2008,1,2,6,-7,-2,-4,4,1,1,1,-1,5,-5,-6,6,1397,1139
2008,-7,-4,-3,-4,-2,-4,-3,1,7,-8,0,-3,5,1,-4,1274,1400
2008,-6,2,-7,8,0,0,-10,15,8,4,-8,-12,1,0,-2,1373,1437
2008,0,4,1,1,5,2,4,-7,-1,0,-1,9,-1,5,-3,1443,1360
2008,2,6,14,-6,-6,-1,7,5,6,1,-3,19,1,-5,3,1257,1397
2008,-2,0,-9,1,-1,-3,-7,-4,-4,-5,2,-21,3,1,-3,1450,1314
2008,5,4,16,-15,-14,-5,4,9,7,-1,-2,10,-11,-5,8,1417,1443
2008,0,-1,5,8,-7,10,0,-6,-6,-2,4,4,-4,-2,4,1462,1452
2008,-9,3,0,-1,-7,-4,-9,9,5,3,-6,-17,-7,-7,5,1458,1172
2008,11,3,11,2,-14,5,3,2,4,-8,1,15,-11,-2,4,1242,1437
2008,-5,4,5,-5,0,-1,2,18,15,6,-12,18,-4,7,-3,1272,1277
2008,-3,-1,-5,-5,0,-1,-10,0,1,5,0,-20,1,-2,4,1390,1400
2008,-1,5,-4,8,-3,3,-2,-5,-9,-2,2,-10,2,-2,5,1257,1314
2008,-5,-5,-10,4,6,-3,-7,-2,-2,1,-4,-19,2,0,-5,1462,1417
2008,5,-3,-7,13,5,3,-1,-2,-3,-1,-1,-2,9,2,-5,1172,1242
2008,5,1,9,-17,-17,-6,1,27,22,-6,-12,18,-1,-1,-1,1272,1400
2008,10,6,11,-9,-3,0,10,-1,-2,-2,7,18,0,3,1,1242,1314
2008,-2,-2,-4,1,0,0,-3,-10,-9,-3,3,-15,0,-1,3,1417,1272
2008,0,2,-13,10,7,3,-4,4,-2,2,-1,-7,0,0,-4,1272,1242
2009,-9,4,-16,0,8,-2,0,-13,-13,-7,4,-15,0,1,-8,1106,1287
2009,-17,-4,-16,1,-5,-1,-20,-29,-15,-8,16,-56,15,-7,9,1151,1163
2009,-12,1,-7,-5,-6,-2,-1,-20,-20,-11,7,-24,13,3,3,1127,1181
2009,0,4,12,-8,-13,-5,2,13,14,-4,-5,13,-9,5,0,1211,1103
2009,-2,-7,0,9,-3,2,-5,5,4,4,0,-4,1,-8,4,1139,1261
2009,-6,1,1,8,-4,1,-6,-5,-2,-2,5,-13,-3,-3,5,1143,1268
2009,9,1,1,10,5,4,5,1,-3,2,-2,11,-13,6,-3,1272,1169
2009,-2,4,-1,-4,14,-5,1,-1,0,12,8,-3,-3,3,-3,1155,1276
2009,-8,-2,-11,3,-4,0,-16,-10,-11,0,4,-43,15,-2,6,1347,1314
2009,-5,-5,-22,11,29,2,-7,-24,-16,13,13,-28,13,4,-8,1288,1328
2009,-2,0,1,-7,-2,-4,1,11,7,1,-7,5,-7,2,-4,1345,1320
2009,0,-1,5,7,3,7,5,0,-3,6,-2,14,-3,0,2,1400,1278
2009,5,5,9,1,-7,-1,7,1,0,0,-5,13,1,-9,4,1401,1140
2009,5,3,-3,3,-3,0,-1,6,1,1,-3,-1,5,-4,0,1433,1417
2009,-1,7,11,-13,-12,-4,-3,24,23,3,-12,13,-11,0,4,1437,1110
2009,1,-1,-4,-1,7,-4,4,-15,-8,-4,12,-4,-7,1,-3,1228,1443
2009,8,-5,7,-9,4,-3,7,2,2,3,-1,13,-9,0,-2,1449,1280
2009,-5,-1,4,-20,-9,-4,3,15,11,-5,-7,13,7,6,-6,1112,1428
2009,-1,-3,4,-3,-12,2,1,7,5,-6,-2,9,-5,-1,2,1113,1396
2009,-5,12,5,-2,-15,-1,-5,-5,-4,-4,3,-15,-9,-5,12,1448,1156
2009,-4,2,3,10,-5,1,-7,2,5,2,-1,-8,-5,-3,2,1452,1173
2009,8,-2,4,-12,2,-6,6,5,4,1,-4,10,-11,2,-4,1242,1295
2009,-7,-3,-7,-13,2,-6,-9,3,4,5,-6,-20,15,-5,1,1287,1257
2009,4,1,-3,4,6,2,5,-15,-13,-3,7,-1,5,-2,0,1429,1266
2009,1,3,-12,4,0,1,-3,-10,-10,-9,2,-15,13,2,-4,1352,1277
2009,-8,-1,-5,1,5,1,-5,-7,-10,8,4,-19,11,-3,5,1165,1281
2009,3,1,-6,12,3,4,-6,8,6,3,-3,-2,1,-1,-1,1397,1329
2009,4,0,14,-3,-20,3,1,-1,5,-11,-1,10,-15,-1,9,1338,1190
2009,-2,-4,2,-1,12,-1,0,5,3,14,-3,2,1,4,2,1373,1326
2009,-4,-10,-23,5,18,0,-7,0,-1,2,-1,-15,11,7,-15,1372,1393
2009,-6,-3,-7,14,4,2,-9,-5,-1,2,3,-17,-3,-2,2,1130,1425
2009,-4,2,8,-14,-8,-5,-2,6,7,-1,0,-2,-7,2,6,1199,1458
2009,0,0,7,-2,8,0,7,2,4,6,-1,18,-9,-1,-4,1462,1340
2009,3,2,11,-5,-6,2,7,10,10,0,-5,26,-8,0,2,1163,1401
2009,-1,1,4,-2,-3,-4,2,-2,-5,1,3,-5,5,-3,6,1400,1181
2009,-4,1,-1,4,2,3,2,-5,-9,1,8,-2,8,0,0,1443,1211
2009,-12,0,-11,-5,9,-5,-4,-3,-6,3,0,-19,8,2,-6,1268,1272
2009,-1,-1,-4,9,5,3,-3,-12,-11,5,7,-14,7,-6,5,1261,1314
2009,-6,-3,-2,8,5,4,-3,-16,-8,1,10,-10,8,0,3,1276,1328
2009,2,4,1,4,-3,3,-3,4,5,-1,1,2,1,1,2,1345,1449
2009,-6,2,-4,-1,-20,1,-11,3,1,-9,-1,-20,3,-4,9,1417,1437
2009,9,2,9,-12,-15,0,0,14,14,-6,1,14,-1,1,0,1112,1156
2009,-2,-6,-13,3,19,1,-7,-14,-4,6,12,-17,8,8,-6,1173,1242
2009,-1,-6,-9,4,4,-2,-3,-3,1,-6,1,-7,8,5,-8,1373,1257
2009,-10,4,-6,-3,6,-5,1,-5,-2,0,3,-5,8,5,-5,1425,1277
2009,-6,-4,5,-8,-4,-2,-8,13,14,6,-6,-4,3,-2,5,1266,1281
2009,0,4,6,0,3,-1,2,14,5,14,-9,8,-7,-6,5,1338,1329
2009,1,-2,12,-15,-2,-4,6,-1,3,-3,-2,11,-3,2,0,1393,1113
2009,-7,-3,-7,6,10,-3,-2,-9,-4,0,3,-11,8,1,-7,1458,1462
2009,7,4,10,-15,-10,-3,1,19,13,5,-14,12,-4,-1,4,1163,1345
2009,1,-3,0,1,-7,3,-2,13,12,-3,-1,11,1,1,-2,1281,1272
2009,0,4,1,8,-1,1,-1,-9,-4,-1,4,-5,3,-5,1,1462,1338
2009,2,3,10,-9,4,-1,11,-1,2,5,-1,23,1,-3,1,1437,1181
2009,14,2,8,5,3,7,14,1,4,-4,2,39,-11,5,-5,1257,1112
2009,6,-2,-6,3,6,2,-1,4,5,0,-1,5,-1,6,-6,1277,1242
2009,13,-1,4,-4,10,4,9,4,-1,7,-2,21,-3,2,-3,1314,1211
2009,-6,-1,-6,3,1,-2,-5,-4,-1,-1,-4,-13,1,-1,0,1393,1328
2009,-6,7,16,-6,-23,-3,-5,20,20,-1,-11,7,-2,-7,11,1163,1281
2009,5,-2,-2,-2,-4,-1,0,6,-1,-3,-6,-2,-2,-2,-2,1338,1437
2009,7,-4,6,0,5,2,6,-7,-2,2,7,12,1,0,0,1277,1257
2009,-4,-2,-2,5,3,-3,-2,0,-5,6,1,-12,1,-3,4,1328,1314
2009,-10,4,2,-13,-13,-4,-6,13,7,-2,-7,-9,-1,-6,5,1163,1277
2009,8,3,3,-5,-17,6,-1,21,10,-8,-6,14,-2,-1,0,1314,1437
2009,0,5,5,11,-6,2,-6,-11,-7,2,6,-17,1,-8,14,1277,1314
2010,7,2,9,-5,-11,4,1,10,11,-4,-6,17,0,0,3,1115,1457
2010,2,-1,-10,11,9,1,-3,-4,-4,0,2,-9,11,-1,-3,1358,1124
2010,-1,0,0,13,-7,9,-1,19,11,2,-11,18,-7,-2,-4,1139,1431
2010,-4,-2,-2,-9,-13,0,-2,13,11,-10,-7,7,-3,5,-9,1140,1196
2010,6,7,7,2,7,2,13,-11,-12,1,2,16,-15,4,1,1242,1250
2010,-4,-10,-6,1,-6,-2,-14,11,10,2,-8,-20,13,-7,5,1317,1243
2010,-16,-10,-8,-16,4,-11,-8,3,-2,4,-1,-29,15,3,0,1190,1246
2010,2,0,-1,-3,-10,-3,-3,12,8,-5,-4,-1,-9,0,-1,1435,1293
2010,-3,1,-5,-1,-1,-1,0,11,6,-1,-7,5,-11,3,-6,1307,1285
2010,-1,0,9,-3,-13,0,-5,11,13,-2,-4,3,1,-2,8,1320,1424
2010,1,-2,1,1,-6,5,1,7,7,-6,-3,14,11,1,-6,1325,1207
2010,1,0,0,13,11,3,1,-9,-6,7,5,-1,-5,-1,2,1323,1330
2010,-1,-1,-8,2,0,2,-1,-15,-9,-15,8,-9,-3,1,-4,1350,1388
2010,0,-3,-3,-1,0,5,0,-3,-2,2,3,3,-5,0,1,1397,1361
2010,-1,-8,6,-2,4,-1,4,-14,-10,0,12,-3,13,-3,5,1352,1437
2010,4,0,15,-6,1,-2,4,-9,-5,10,4,1,1,-9,15,1448,1400
2010,-5,-5,-4,5,-4,3,-3,-1,1,-2,2,-2,-5,4,1,1266,1449
2010,-4,-2,1,4,9,-3,0,-13,-12,8,5,-15,1,1,1,1257,1143
2010,-4,-2,7,6,-4,4,0,10,9,3,-8,13,7,4,0,1165,1396
2010,4,0,13,-6,-6,2,7,21,13,4,-7,29,-15,-2,-2,1181,1115
2010,1,0,-8,12,0,4,3,-12,-15,-7,5,-5,-3,0,-2,1329,1210
2010,4,-1,-11,10,17,3,0,-10,-10,5,3,-7,1,2,-7,1199,1211
2010,-11,-3,-13,3,-8,3,-7,7,-1,-8,-1,-12,9,4,-4,1222,1268
2010,-8,-1,-1,2,4,1,3,-11,-10,1,1,-3,7,2,2,1308,1277
2010,-7,-2,2,7,5,7,-2,-15,-11,9,6,-8,-3,-13,11,1155,1281
2010,-3,-10,-7,-3,10,-4,-1,-11,-11,4,4,-17,13,1,0,1364,1326
2010,-10,0,-8,9,1,0,-11,-4,-1,2,-1,-23,11,-2,2,1324,1338
2010,-12,-6,-2,-5,11,-2,-4,-1,2,9,2,-8,9,-1,0,1373,1345
2010,11,7,14,0,-11,5,7,1,4,-3,3,23,-15,0,7,1393,1436
2010,4,-2,11,-2,-11,3,1,10,11,-3,-5,16,-7,0,2,1401,1429
2010,17,-3,10,-4,-3,1,6,11,14,1,-6,27,-13,1,-3,1452,1288
2010,-4,-2,-6,2,6,-2,0,6,6,-1,-1,4,-9,6,-7,1458,1459
2010,1,-8,5,-6,5,0,4,5,3,4,-2,11,-5,4,-2,1462,1278
2010,-1,3,2,7,1,2,5,-5,-4,-3,1,8,-8,-1,-1,1124,1330
2010,-2,-2,-13,6,6,-2,-1,7,6,-4,-3,2,-8,3,-12,1139,1293
2010,2,1,4,11,3,6,2,2,2,6,-4,12,-5,0,2,1243,1140
2010,-9,-3,-13,-6,1,-5,-17,9,9,5,-4,-30,8,0,0,1448,1246
2010,-2,2,5,-3,-1,-3,2,-1,-3,3,3,-2,-8,-4,6,1242,1320
2010,-3,1,10,0,-21,0,-1,15,9,-9,-6,7,8,-3,5,1388,1437
2010,-6,-2,-11,12,-2,5,-12,8,4,3,-5,-15,8,1,-2,1325,1397
2010,14,6,3,0,0,3,6,3,3,-1,0,18,8,5,-6,1449,1307
2010,-1,0,-7,10,-5,0,-9,1,0,-1,2,-18,-8,-2,2,1458,1165
2010,5,4,-1,5,9,0,8,1,-1,2,-3,15,-7,1,-6,1181,1143
2010,-2,5,15,-1,-8,1,3,-6,-5,3,5,2,1,-5,13,1277,1268
2010,3,3,1,1,-7,4,1,4,3,-5,-7,9,-8,-4,-3,1326,1210
2010,-3,3,3,0,-2,1,3,-11,-5,-9,5,2,-1,4,-2,1345,1401
2010,3,-1,14,4,-7,9,4,3,5,-3,-1,22,-7,-4,4,1393,1211
2010,-1,-3,7,-6,-14,-2,-1,13,13,-4,-7,9,-8,-2,3,1452,1281
2010,-3,-1,1,-5,-14,1,-1,5,4,-10,-2,3,3,0,-2,1462,1338
2010,-3,1,-7,5,4,-1,0,7,5,-3,-1,4,4,9,-11,1139,1393
2010,-7,-7,8,9,-6,4,-6,0,3,3,3,-5,4,3,4,1462,1243
2010,-7,-3,-7,5,-2,3,-6,-13,-8,-6,5,-17,11,-6,2,1165,1246
2010,3,-4,8,4,9,1,4,3,4,12,-5,13,-9,-3,2,1452,1449
2010,0,-3,7,-5,7,2,9,2,3,5,-3,23,-7,7,-3,1124,1388
2010,-1,-4,12,0,1,2,2,3,7,9,-1,13,-3,-3,7,1181,1345
2010,-11,0,-4,-3,0,-3,-2,2,0,-2,-6,-7,4,-2,0,1320,1277
2010,-1,0,-5,8,-6,5,-5,4,2,-7,-4,-3,-4,0,-5,1326,1397
2010,1,-5,11,0,-11,2,-1,6,7,1,-3,7,3,-4,7,1139,1243
2010,-4,-2,1,9,15,-6,3,-5,-7,14,5,-7,-1,1,4,1246,1452
2010,-1,8,0,-5,-2,-6,5,-10,-11,-6,6,-7,2,1,0,1124,1181
2010,1,5,-3,2,5,-1,0,0,2,3,5,1,-1,2,1,1277,1397
2010,-6,-2,-7,10,7,1,-3,6,7,3,-4,2,0,9,-8,1139,1277
2010,-9,3,-2,-13,-9,-8,-10,10,7,0,-4,-21,1,-4,4,1452,1181
2010,-5,-7,-5,1,6,1,-3,2,3,3,4,-2,4,-1,-4,1139,1181
2011,7,-1,3,-11,2,-8,8,9,10,-3,2,18,0,6,-7,1155,1412
2011,-2,-1,3,-17,-2,-5,3,2,3,-1,1,4,0,0,-1,1421,1114
2011,-1,3,-2,10,8,3,-1,-18,-10,1,8,-9,0,2,-1,1106,1427
2011,-7,3,3,-15,-21,-8,-5,10,5,-12,-4,-13,0,-3,6,1425,1433
2011,-3,1,2,-11,-9,-2,-6,16,12,-5,-4,-2,1,1,0,1330,1139
2011,-2,3,0,-3,-5,-2,-2,0,-2,-3,-2,-8,11,-5,3,1459,1140
2011,-1,-1,7,-8,-9,-2,5,9,7,-2,-3,15,-5,-4,2,1153,1281
2011,14,5,14,3,15,2,16,-6,-5,12,3,29,-11,2,1,1163,1137
2011,14,-1,8,4,6,3,12,-1,1,1,-2,28,-13,4,-5,1196,1364
2011,11,-2,16,0,-6,2,1,11,11,7,-7,15,5,-4,5,1211,1385
2011,4,-1,0,-1,4,-1,-1,7,8,4,-8,5,-7,0,-1,1243,1429
2011,-4,-5,0,3,5,-2,0,-4,0,2,3,-2,9,3,-3,1343,1246
2011,-3,-6,1,-6,9,-1,-1,2,4,11,-5,1,9,-2,2,1287,1257
2011,-9,5,-10,0,-4,-5,-8,-6,-2,-13,5,-23,15,3,-2,1421,1338
2011,2,7,-8,11,10,6,3,-11,-9,-1,4,3,7,3,-4,1350,1435
2011,3,5,6,0,10,1,8,0,1,6,1,18,-13,3,-5,1361,1294
2011,2,-5,-2,1,5,3,2,-9,-9,0,0,-2,3,-2,-1,1336,1396
2011,-7,0,5,-14,-14,-6,-3,26,14,-2,-8,2,-3,-2,0,1417,1277
2011,0,2,-5,8,3,0,-2,-5,-4,-1,3,-8,7,-1,-2,1155,1452
2011,1,2,11,0,-9,6,2,3,4,0,-4,14,-9,-4,6,1458,1125
2011,5,-1,2,-4,3,1,3,-7,-9,2,3,-2,7,-1,1,1272,1112
2011,13,3,9,5,5,5,13,9,11,0,-6,42,-15,7,-8,1181,1214
2011,-2,-9,-8,10,8,5,-4,-1,-4,6,2,-7,-3,0,-2,1401,1199
2011,-2,4,1,8,0,3,-2,-7,-3,-2,4,-4,1,2,0,1437,1206
2011,11,2,11,-11,-7,0,7,-5,-3,-3,1,11,1,-5,6,1228,1424
2011,-9,2,-10,5,-6,0,-11,4,3,-5,3,-19,15,1,-2,1131,1242
2011,2,0,2,-1,-6,3,3,4,2,-6,-1,11,5,3,0,1266,1462
2011,10,-3,4,8,21,6,18,-15,-12,6,4,30,-1,1,-7,1276,1397
2011,2,9,19,-14,-18,-5,3,17,14,-4,-9,15,-13,-8,4,1314,1254
2011,-6,-1,-11,4,17,0,2,-20,-17,2,10,-13,13,1,-6,1103,1323
2011,-20,-3,-9,-7,1,-8,-11,-1,1,0,4,-29,15,2,0,1427,1326
2011,3,1,14,-6,-4,0,6,11,10,5,-6,22,-11,-3,2,1345,1389
2011,4,3,11,-5,-11,0,1,17,15,-1,-8,17,-11,1,1,1393,1232
2011,-2,-6,-6,20,12,3,3,-15,-13,2,3,-4,9,3,-3,1324,1400
2011,-2,-3,2,1,8,-7,2,-26,-15,4,10,-18,-5,-4,11,1207,1433
2011,1,0,-7,6,10,-1,3,-5,-2,0,6,3,-3,3,-10,1449,1208
2011,9,-2,9,-16,-6,-6,2,4,1,2,0,-1,-7,0,6,1338,1139
2011,1,-1,1,-19,-2,-12,-7,6,4,8,0,-22,8,-6,7,1211,1140
2011,2,-1,-10,-2,11,-2,3,-16,-15,0,6,-11,3,2,-1,1153,1163
2011,1,-1,3,1,-1,3,4,-8,-3,-6,4,8,-5,-2,0,1196,1417
2011,-3,-4,-4,1,3,1,-2,-8,-5,0,4,-8,1,4,1,1452,1246
2011,11,1,0,2,7,2,8,-2,-1,-2,-4,17,-1,1,-3,1350,1287
2011,0,5,7,-3,-1,0,3,-2,1,0,-1,7,-5,3,2,1361,1396
2011,-5,-2,2,-8,-2,-3,1,-1,-4,0,4,-5,1,-1,3,1243,1458
2011,4,-5,-2,3,1,5,0,0,-4,1,3,1,1,3,-1,1112,1400
2011,-1,2,5,-1,-4,-2,-2,14,8,6,-5,2,-7,-6,4,1181,1276
2011,-3,-4,-8,11,14,-2,-3,-6,-6,6,7,-14,-8,2,-4,1323,1199
2011,-1,0,-8,9,8,2,-4,-11,-8,3,7,-14,8,2,0,1228,1242
2011,-4,1,2,4,-4,0,5,-16,-14,-8,8,-4,-8,-4,4,1393,1266
2011,-1,-3,1,7,6,4,2,-16,-11,2,11,-3,5,-1,4,1449,1314
2011,10,-2,6,8,-1,8,10,11,4,-2,-6,32,-7,3,-8,1326,1206
2011,-6,4,-6,4,2,0,-7,-3,-4,4,2,-18,-8,-1,3,1345,1433
2011,-5,3,-6,-1,-5,-4,-7,1,2,-7,-1,-16,-4,-2,-1,1181,1112
2011,-2,-1,8,-11,-11,-2,2,7,5,-2,-1,7,4,1,3,1139,1458
2011,1,-2,-4,6,7,-1,0,-3,-6,6,-2,-7,-1,-1,0,1361,1163
2011,10,4,5,-3,-6,1,6,6,-4,-2,-7,9,-1,-3,3,1196,1140
2011,-13,-1,-9,7,2,-5,-8,2,1,1,-4,-20,11,-4,2,1350,1242
2011,4,10,5,1,-10,0,3,-8,-4,-9,4,2,3,-3,4,1246,1326
2011,7,0,2,0,11,3,8,1,-1,4,-1,18,-9,7,-11,1314,1266
2011,-11,5,1,-7,18,-5,2,-2,0,14,-1,-1,-1,-4,-1,1199,1433
2011,-2,-2,-1,19,3,6,-1,5,-1,8,-4,3,6,-4,3,1139,1196
2011,-4,5,-3,-4,-5,1,-1,2,3,-8,3,2,-2,2,-4,1163,1112
2011,3,0,0,6,-6,9,0,1,-2,-2,-4,7,2,1,1,1246,1314
2011,4,-5,0,4,-9,10,-1,-6,2,-10,-2,10,10,-1,-1,1433,1242
2011,-9,-2,6,1,1,0,-2,13,12,10,-8,8,-3,2,-1,1139,1433
2011,4,0,10,-15,-13,-8,2,-1,5,-9,1,1,-1,-6,5,1163,1246
2011,-1,-8,-15,22,9,8,-7,-2,-6,3,2,-12,5,4,-5,1139,1163
2012,-2,-4,-5,5,8,-1,1,-12,-7,-2,5,-6,0,1,-2,1233,1140
2012,2,-1,-12,6,-1,2,3,-11,-9,-16,6,-1,0,4,-11,1290,1443
2012,5,2,8,1,-9,2,7,-6,-5,-7,0,11,0,2,4,1378,1143
2012,10,1,4,-2,-10,0,5,3,2,-10,2,12,0,0,-2,1436,1249
2012,7,-1,-7,10,-2,2,-2,-6,-6,-5,1,-8,11,1,1,1355,1124
2012,-1,-5,16,-24,-23,-2,-1,10,8,-3,-4,4,5,-10,15,1160,1424
2012,5,-1,6,0,1,6,12,-12,-7,-6,8,23,-3,7,0,1211,1452
2012,-8,6,2,-1,-5,-3,-5,0,0,0,1,-13,9,-7,5,1308,1231
2012,2,-1,13,-3,-2,-1,5,-2,4,4,-2,13,-1,-5,7,1235,1163
2012,4,7,5,-11,-18,-6,-1,17,14,-8,-7,6,-1,-4,1,1243,1379
2012,4,7,10,-5,-9,-3,5,9,8,-1,-5,15,-15,-4,2,1246,1443
2012,-4,-2,4,-14,-8,-3,0,13,10,0,-4,7,-9,1,0,1257,1172
2012,3,-3,7,1,5,2,7,4,4,7,-2,20,-11,-1,-1,1266,1140
2012,-2,-4,6,-3,-3,-2,-4,-17,-7,2,14,-17,5,-3,14,1161,1293
2012,-6,-5,-4,-5,15,-3,3,-10,-10,9,3,-7,7,0,1,1253,1307
2012,2,0,14,0,4,1,7,4,4,11,-5,19,-13,0,6,1326,1259
2012,1,-5,4,0,-7,4,-4,-8,-3,-5,7,-7,15,-2,3,1421,1393
2012,4,1,-3,-7,3,-1,-1,1,0,2,0,-3,-7,0,1,1455,1433
2012,1,-5,-8,6,10,1,0,-16,-10,-2,3,-9,7,-4,-6,1217,1435
2012,7,6,10,10,1,7,5,4,7,6,-1,24,-9,-5,2,1458,1285
2012,-6,1,-4,4,-2,4,-7,-2,4,-2,-1,-6,5,2,2,1400,1153
2012,-5,1,2,-4,-2,-2,0,-1,1,-1,7,-1,1,1,2,1104,1166
2012,1,1,-9,-5,-6,-1,-10,-7,-5,-7,5,-26,3,-1,1,1438,1196
2012,3,-6,1,-5,4,0,-1,-1,-1,5,2,-3,11,0,2,1382,1199
2012,2,-3,-11,15,5,5,-9,-2,-2,3,5,-15,11,1,-3,1125,1207
2012,3,2,8,-1,-13,2,3,9,7,-9,-4,15,-13,-3,0,1242,1178
2012,0,-2,-4,-8,-6,0,-2,14,9,-4,-4,5,13,3,-5,1250,1181
2012,-11,4,-12,8,-18,5,-18,14,9,-11,-7,-22,15,0,0,1254,1277
2012,-4,-1,-11,14,8,5,-8,-7,-3,2,4,-14,-5,0,-1,1361,1301
2012,-1,2,5,-10,4,-3,3,1,-1,7,1,2,13,-4,3,1313,1281
2012,6,4,-4,0,2,2,2,16,13,-1,-9,19,-15,8,-9,1314,1436
2012,-2,-2,-4,7,11,1,0,-6,-6,7,4,-5,-9,-4,1,1276,1325
2012,-4,-1,-2,-9,-7,1,-1,5,4,-5,-1,3,3,4,-1,1345,1388
2012,-2,-4,1,5,8,6,2,5,4,8,-3,14,7,4,-1,1378,1396
2012,-3,2,-7,2,8,-3,0,-1,-4,2,5,-7,-1,2,-6,1272,1387
2012,-8,0,5,-11,-5,-4,-3,18,14,4,-2,4,3,0,-1,1462,1323
2012,-2,-1,-3,-5,-13,-6,-5,0,-1,-10,4,-17,8,-3,2,1160,1124
2012,-5,1,-13,17,11,3,-1,2,-3,0,3,-2,8,4,-11,1433,1231
2012,-12,-3,-9,2,5,-7,-6,3,3,0,-1,-16,7,4,-4,1235,1246
2012,-4,3,-1,-8,-10,2,-1,4,3,-10,2,3,-1,4,-2,1257,1307
2012,4,0,1,-6,-9,0,1,11,7,-8,-7,9,-3,1,-4,1266,1293
2012,1,-3,-1,-1,3,-1,-3,1,0,4,2,-7,5,-3,-2,1211,1326
2012,-5,-8,-7,8,22,-2,-2,-10,-10,16,2,-16,7,-1,0,1243,1393
2012,5,-2,-6,14,9,5,3,-8,-8,1,-1,3,-1,0,-4,1458,1435
2012,-2,3,-2,2,0,1,0,-8,-7,0,2,-6,-3,-8,2,1199,1153
2012,4,1,18,4,-13,6,10,12,8,-1,-9,34,-8,1,5,1196,1313
2012,1,-3,1,-6,-12,2,-1,-4,-3,-9,-2,-3,8,-3,3,1345,1242
2012,3,0,7,-15,-5,-3,7,-6,-7,-3,3,4,-8,-3,5,1277,1387
2012,2,1,1,10,-3,1,1,-14,-6,-9,9,-3,-8,1,2,1207,1301
2012,-5,-6,-7,4,3,0,-5,-7,-4,-2,10,-14,7,3,0,1166,1314
2012,0,-5,-5,3,-3,7,-3,6,5,-3,3,6,1,4,-1,1325,1378
2012,4,1,10,-7,-10,4,3,1,2,-3,-5,12,-5,-4,6,1462,1250
2012,-4,-6,-6,-6,6,-1,-4,3,-1,5,2,-10,-4,3,-2,1266,1196
2012,-3,0,0,-2,-6,-4,-7,1,5,-3,4,-13,-3,-1,5,1277,1257
2012,6,-4,2,-6,0,-1,1,19,14,4,-10,15,-4,8,-7,1326,1153
2012,10,1,-2,18,0,9,-6,3,2,1,-1,-1,3,-2,0,1458,1393
2012,11,-1,7,0,1,2,5,-10,-7,-1,2,5,-7,0,3,1124,1462
2012,3,5,4,-7,-3,-5,5,3,-2,-1,-3,3,-9,2,0,1242,1301
2012,-4,2,5,-8,-5,0,-5,20,22,3,-9,12,-3,0,-2,1246,1231
2012,-1,-5,-18,10,6,5,-3,-16,-7,-15,9,-8,12,9,-11,1325,1314
2012,-6,0,-4,-4,12,-2,3,-3,0,2,6,4,-3,2,-8,1257,1196
2012,-1,4,-7,3,2,2,1,-17,-11,-6,9,-7,-1,2,0,1393,1326
2012,4,3,-3,3,1,-2,-1,-12,-9,-3,1,-13,-1,-4,2,1314,1242
2012,0,4,6,-5,-19,0,-1,25,14,-8,-13,12,-2,4,-1,1246,1124
2012,3,1,10,-11,-3,-5,5,-1,-3,2,-2,2,0,-2,5,1242,1326
2012,2,3,6,-4,-20,-2,4,7,2,-13,-2,8,-3,2,2,1246,1257
2012,-3,-6,-7,-3,6,-1,-1,-6,-5,-1,1,-8,1,2,-2,1242,1246
2013,5,-1,-3,5,2,2,-4,-1,5,0,-2,-1,0,-2,2,1251,1299
2013,-5,-3,3,2,-6,4,-1,18,11,2,-5,13,0,-1,-2,1388,1292
2013,-6,-9,-6,-7,3,-5,-5,2,2,2,-4,-13,0,4,0,1254,1241
2013,-2,0,-1,-3,4,-4,-5,6,5,8,-3,-9,0,-1,0,1129,1247
2013,-6,-5,-18,10,0,-1,-9,3,2,-8,-1,-17,5,5,-8,1125,1112
2013,5,1,-3,-1,7,2,3,-20,-20,-1,8,-12,5,-6,4,1137,1139
2013,7,-1,3,-9,0,-1,7,-10,-10,-4,-1,3,7,4,-1,1143,1424
2013,-3,0,14,-9,-6,0,1,14,10,9,-7,12,-1,-5,9,1161,1281
2013,4,-8,5,-3,9,-2,5,-3,-2,8,4,6,-15,2,0,1211,1380
2013,-3,-2,-5,-4,14,-5,-1,4,1,13,-3,-6,-11,9,-2,1307,1217
2013,7,2,4,0,13,-2,14,12,5,7,-5,31,-15,12,-11,1257,1299
2013,7,0,-2,2,-12,2,-1,3,-1,-10,-3,-1,11,-3,2,1172,1266
2013,-3,-12,-1,0,9,-2,-1,-4,2,5,1,-2,5,-5,-2,1388,1272
2013,-1,3,0,1,3,5,5,1,0,0,-2,15,-9,3,-3,1276,1355
2013,6,-2,14,-10,4,-1,7,-3,-2,12,4,11,-11,-6,10,1277,1434
2013,0,0,4,5,7,3,2,6,6,8,-4,13,7,0,4,1332,1329
2013,-7,4,-2,5,7,-2,-8,-1,-2,11,-3,-20,9,-1,6,1308,1387
2013,16,-1,10,-20,-2,1,16,19,14,-3,-14,47,-9,7,-9,1393,1285
2013,10,-6,3,3,22,7,20,-5,-1,4,5,46,-7,9,-15,1433,1103
2013,-3,4,-5,-3,5,-1,0,-21,-17,0,7,-18,-1,-5,4,1338,1455
2013,-4,2,-8,5,22,-2,8,-16,-18,7,10,-4,3,7,-7,1153,1166
2013,-3,-1,-7,4,6,5,-8,-5,-1,5,1,-12,13,-2,2,1107,1181
2013,0,1,-4,12,15,1,3,-24,-17,4,15,-10,-13,1,1,1207,1195
2013,4,-1,7,5,11,4,11,12,6,10,-7,32,-11,8,-7,1196,1322
2013,3,-1,-2,12,1,3,-1,11,7,3,-8,8,-3,3,-3,1228,1160
2013,10,0,9,3,-7,1,3,17,14,1,-13,21,-15,2,-1,1231,1241
2013,10,-1,-4,4,8,5,7,-1,-1,-4,2,18,3,2,-11,1235,1323
2013,3,9,8,-14,-24,-3,-1,12,12,-14,-9,7,-15,-5,7,1242,1443
2013,0,-2,1,5,-8,3,-3,-1,5,-7,-1,2,9,-2,-1,1247,1243
2013,3,3,13,-4,-2,3,6,10,14,0,-2,29,-13,5,-3,1274,1334
2013,-9,-1,-2,6,2,-5,-11,6,7,8,0,-20,-5,-2,4,1417,1278
2013,2,1,-6,15,2,4,-7,-3,-1,3,4,-11,-7,1,1,1458,1279
2013,-12,0,0,0,12,-7,3,-8,-6,9,8,-7,1,-1,-1,1437,1314
2013,-12,-5,-5,13,-6,-1,-11,-4,-2,1,1,-25,13,-4,9,1233,1326
2013,-5,-1,-8,6,2,-1,-1,-9,-12,-3,9,-15,3,1,-2,1328,1361
2013,1,-2,7,-5,2,-3,5,-17,-11,3,9,-4,-1,-2,8,1301,1396
2013,-1,-1,-14,3,9,-4,-11,3,3,8,-6,-23,8,3,-4,1217,1112
2013,10,-2,2,-3,15,0,12,-3,2,3,5,26,-7,11,-11,1257,1161
2013,4,4,0,12,2,6,1,-8,-10,-2,3,-2,3,-2,0,1139,1266
2013,-11,2,-12,-4,-2,-3,-8,-5,-6,-5,7,-25,1,2,-1,1433,1276
2013,-6,-2,-17,7,12,1,-7,-12,-9,-3,4,-22,3,-3,-7,1272,1277
2013,7,2,8,-10,0,5,8,-6,-4,3,4,17,8,0,6,1332,1387
2013,-7,1,2,-11,-10,0,-4,22,14,1,-8,6,-8,4,-2,1393,1143
2013,3,4,2,5,-9,6,4,-11,-8,-11,5,6,8,0,2,1455,1211
2013,0,2,5,1,-4,5,3,10,5,0,-6,16,-5,5,-1,1181,1166
2013,5,-1,2,-5,-2,-1,6,-1,-1,-5,2,10,8,3,-4,1195,1361
2013,2,2,4,2,-13,2,1,14,10,-7,-7,14,-8,3,0,1196,1278
2013,-1,2,-7,11,17,-1,2,-12,-9,10,10,-6,8,5,-2,1396,1231
2013,-1,-4,-15,7,18,1,-2,-11,-9,1,9,-12,7,8,-11,1314,1242
2013,0,0,1,-4,8,-5,3,3,-3,9,-1,-2,-1,-3,1,1279,1247
2013,-5,1,0,2,6,-2,1,-8,-4,3,7,-4,5,-2,2,1228,1274
2013,-2,2,-5,-7,-3,-3,2,3,2,-9,0,3,-8,3,-7,1326,1235
2013,2,0,10,-20,-13,-5,5,7,5,-5,-4,10,1,0,3,1266,1274
2013,-2,-1,0,5,0,-1,1,-6,-4,-2,2,-3,4,2,3,1112,1326
2013,4,-9,-2,5,-1,-1,-5,4,0,4,1,-11,-3,-5,4,1231,1393
2013,4,6,10,-6,11,-2,10,-7,-4,8,0,14,-4,-1,-1,1455,1247
2013,2,1,-1,6,-1,4,0,2,6,-3,-7,10,-1,-3,-3,1181,1277
2013,-1,0,2,-4,-13,0,-2,-12,-8,-9,9,-12,12,-4,10,1195,1196
2013,2,-2,-2,1,9,1,-1,-9,-7,3,3,-8,11,0,-1,1332,1257
2013,3,7,4,-7,-5,-2,1,-7,-2,-7,5,-2,-3,-2,3,1242,1276
2013,2,-2,-1,8,3,-2,-7,-3,0,8,5,-16,-1,-4,7,1266,1393
2013,-2,-1,-1,5,2,-3,-3,6,5,-2,-1,-4,-7,-3,-3,1326,1455
2013,3,-7,-6,3,-3,2,-10,-8,-4,0,0,-22,1,-6,4,1181,1257
2013,-5,-2,1,-9,-9,-8,-7,4,2,0,-2,-20,-1,-6,4,1196,1276
2013,3,-2,0,-5,5,-3,0,-5,-1,3,-3,-4,8,-3,2,1455,1257
2013,4,-1,1,10,-2,5,-2,9,4,3,-8,5,0,-2,0,1276,1393
2013,6,1,-2,-2,13,0,3,-2,0,7,7,6,-3,6,-3,1257,1276
2014,-1,0,19,-28,-13,-10,5,7,7,0,-3,7,0,0,10,1107,1291
2014,-9,-9,-3,0,2,-2,-6,0,-1,5,3,-15,0,-1,4,1462,1301
2014,3,3,2,2,1,2,5,0,0,-1,-3,12,0,1,-3,1142,1411
2014,1,1,-4,-5,4,-1,0,-15,-12,-3,14,-13,0,0,-2,1234,1397
2014,1,0,-2,3,12,4,3,-7,-2,3,-1,8,-3,3,-5,1163,1386
2014,0,-4,-1,1,-1,0,-2,5,5,1,-2,1,5,0,-1,1173,1326
2014,1,3,4,-1,-2,-1,5,4,3,-1,-1,12,-15,3,0,1196,1107
2014,-4,3,-6,-5,13,-2,2,-12,-6,7,5,-4,-7,2,-1,1153,1217
2014,1,-3,-2,-8,-4,-1,3,-14,-12,-9,9,-7,9,-3,3,1264,1257
2014,5,1,7,-2,-7,6,4,5,3,-2,-6,17,-13,5,2,1276,1459
2014,-9,-1,-15,1,-1,-2,-10,14,7,-3,-8,-15,9,0,-6,1174,1277
2014,2,-3,-13,16,21,6,-2,-4,-7,12,-4,-5,-7,0,-5,1328,1295
2014,-7,-4,-9,6,7,3,-7,-8,-8,4,3,-19,3,0,1,1140,1332
2014,-13,-3,-2,2,-19,0,-16,6,3,-2,-1,-29,-1,-10,14,1160,1338
2014,4,-5,-3,-1,6,-1,3,-7,-9,4,4,-4,9,-4,2,1308,1361
2014,-6,1,1,-9,-4,-5,-3,11,8,1,-6,-3,7,0,3,1301,1387
2014,4,5,11,-1,8,3,11,-3,-1,5,5,24,-11,4,-1,1393,1444
2014,0,-4,1,3,-2,3,-4,6,3,1,-6,-2,3,-4,1,1113,1400
2014,0,8,10,-1,-1,-2,10,1,2,-1,3,20,-13,4,-1,1437,1454
2014,-5,-1,-5,-8,-15,-6,-15,1,-4,-2,1,-40,13,-4,10,1110,1458
2014,8,9,5,-3,-6,0,10,-7,-11,-6,3,9,-15,-4,2,1112,1451
2014,2,-5,8,-8,-12,-2,-6,32,28,4,-15,14,-5,-2,1,1124,1304
2014,10,-2,7,7,-12,5,3,4,-1,-7,-1,10,-11,-3,2,1166,1418
2014,0,1,-7,-3,15,-6,1,-4,-4,10,5,-8,1,5,-3,1329,1211
2014,-9,0,-13,-1,10,-4,-5,-4,-4,3,-1,-18,11,-2,-3,1300,1235
2014,3,6,18,-24,-4,-12,10,8,3,6,-7,11,-13,-6,7,1242,1184
2014,0,4,8,-6,-3,-1,0,9,8,4,-9,7,-1,-3,5,1246,1243
2014,-11,-2,-4,-10,1,-4,-2,8,3,1,-4,-5,1,1,-2,1203,1272
2014,-1,1,-5,24,17,10,-3,-15,-11,13,7,-7,-11,3,4,1181,1273
2014,-3,4,-2,1,-18,0,-5,8,8,-12,-5,-2,5,-3,1,1344,1314
2014,3,-3,7,-5,-14,-2,-3,12,10,-1,-5,2,7,-5,6,1372,1433
2014,-2,3,2,-6,-3,4,0,-2,1,-4,2,5,3,4,0,1390,1307
2014,-4,-2,-8,-3,10,1,-2,-20,-16,4,8,-19,-5,0,1,1269,1397
2014,-3,-3,-2,3,-6,2,-8,-1,-3,-1,5,-17,9,-9,6,1409,1417
2014,3,3,5,-2,-10,-1,0,11,12,-5,-3,11,-15,-1,-1,1438,1157
2014,12,5,14,-9,-8,1,11,3,4,-2,0,27,-15,-3,6,1455,1142
2014,0,0,-5,11,-1,2,-5,-4,-4,-1,7,-12,-5,-5,5,1437,1163
2014,-8,3,-4,-6,8,-7,2,-4,1,0,0,-2,-8,-1,-5,1393,1173
2014,5,-3,-3,-3,-7,-1,-6,-3,-3,-4,5,-16,8,-6,5,1338,1196
2014,-4,-5,-6,-2,4,-6,-1,-8,-7,-1,1,-15,1,0,-1,1387,1257
2014,2,-1,-1,17,-8,10,1,5,2,-10,-4,14,-5,2,-5,1276,1400
2014,9,-2,0,4,4,1,6,-8,-6,2,3,7,-8,5,0,1277,1217
2014,3,0,10,5,-3,5,4,7,6,1,-1,19,-8,3,0,1361,1295
2014,6,0,-1,10,11,3,5,2,-5,11,-6,8,-5,-4,0,1458,1332
2014,-11,-3,7,-2,-11,-1,-10,-5,-2,4,-4,-23,7,-12,15,1211,1112
2014,-8,-3,-13,6,8,-6,-8,-12,-8,3,8,-30,-3,2,0,1166,1124
2014,6,-3,0,6,-4,4,-4,6,6,-1,-4,2,-3,-2,2,1235,1314
2014,3,0,-3,3,-1,2,0,-4,-4,-6,6,-2,-7,0,-2,1455,1246
2014,-1,2,7,-7,-11,-5,2,8,4,-5,-7,3,8,1,2,1390,1242
2014,4,-4,11,0,2,-2,3,17,16,11,-7,20,-3,-1,1,1397,1273
2014,-11,-2,-2,13,4,3,-9,-7,-2,8,6,-17,8,-2,5,1372,1417
2014,-3,3,14,-2,-5,2,6,-5,4,-2,2,18,-7,-4,4,1438,1272
2014,10,2,0,-2,-6,1,2,2,1,-8,-4,6,-3,0,-3,1112,1361
2014,-9,4,-5,-2,0,-3,-6,7,5,5,-1,-10,-1,-1,2,1390,1173
2014,-10,-1,-8,-3,6,-5,-2,-3,-2,-2,4,-11,3,4,-4,1417,1196
2014,-8,-3,-9,-1,6,-4,-8,-2,3,3,0,-17,4,4,-4,1124,1458
2014,-5,1,7,3,-19,3,-6,7,14,-12,-2,5,4,1,0,1163,1235
2014,-3,-1,4,-1,2,0,-2,4,9,4,-5,5,4,-1,2,1246,1257
2014,-3,7,-3,-9,8,-8,3,4,0,5,0,-2,9,2,-6,1397,1276
2014,3,0,4,-4,-10,-1,1,1,1,-7,0,2,3,0,4,1277,1438
2014,1,0,-4,3,0,3,1,-20,-15,-7,9,-10,10,0,2,1173,1196
2014,-3,5,1,-5,-2,-1,-1,5,2,0,2,-1,-1,-1,-1,1112,1458
2014,-5,0,-3,-7,3,-6,-1,14,14,1,-4,6,3,2,-8,1163,1277
2014,-3,5,8,-7,1,0,4,-3,-5,3,0,3,6,-2,4,1246,1276
2014,-9,-3,-8,-2,6,-4,-5,7,4,7,-2,-10,-6,-3,-2,1196,1163
2014,2,2,0,15,-8,6,-6,-1,5,-5,1,-1,-6,0,4,1458,1246
2014,-3,-1,3,3,7,1,4,-14,-3,-2,7,6,-1,3,-3,1163,1246
2015,-5,0,-2,18,9,3,-3,-13,-7,6,6,-10,0,-1,3,1264,1214
2015,-2,-4,6,6,-22,8,-8,4,4,-10,2,-4,0,-7,8,1140,1279
2015,3,0,1,1,-13,1,-2,4,4,-9,-4,1,0,-1,2,1173,1129
2015,-4,-2,-9,-6,10,-5,3,7,3,-2,-2,4,0,11,-14,1352,1316
2015,8,0,12,-1,2,0,8,-3,5,4,4,21,-13,3,3,1112,1411
2015,6,2,4,-16,-9,-4,4,0,-1,-6,1,3,-7,-1,2,1116,1459
2015,-4,1,6,6,2,2,1,-16,-12,7,9,-8,5,-1,10,1400,1139
2015,-4,4,-3,-16,-11,0,-1,6,3,-10,-2,1,-1,3,-3,1153,1345
2015,-4,-1,-8,5,16,-2,1,-17,-10,0,3,-10,9,-2,-5,1186,1207
2015,2,-1,15,3,-11,2,-3,0,3,3,0,-1,-11,-11,15,1124,1209
2015,-13,-2,-13,6,-2,1,-11,-5,-2,-7,4,-23,15,2,-2,1214,1246
2015,3,4,0,-9,-6,0,-4,15,7,2,-5,-1,1,3,-3,1261,1301
2015,-5,0,-9,6,6,0,-6,7,10,0,-2,-2,9,7,-10,1217,1314
2015,-4,-4,5,5,8,1,0,-8,-5,11,-1,-4,11,-7,9,1318,1323
2015,2,5,0,-11,-6,-4,4,3,-1,-5,0,3,3,1,0,1326,1433
2015,-3,-4,5,-5,4,-3,0,4,4,10,-5,1,11,-2,2,1412,1235
2015,2,-1,-4,-4,8,-3,0,6,2,3,-3,-1,-5,7,-9,1374,1417
2015,2,6,4,-13,-13,0,1,8,5,-7,-6,7,-7,0,5,1428,1372
2015,7,5,10,4,2,7,15,8,4,-2,-1,41,-15,6,-7,1437,1248
2015,1,0,8,-4,-17,4,2,16,11,-8,-7,19,-5,-1,2,1462,1279
2015,0,3,3,-3,-17,-2,-2,23,19,-10,-7,13,5,4,-4,1173,1344
2015,15,2,15,2,-12,4,10,10,5,-3,-9,29,-15,1,3,1181,1352
2015,-11,0,-3,-1,-4,3,-1,-16,-11,-8,9,-10,13,-2,4,1295,1211
2015,-1,1,12,-12,6,0,14,0,3,4,-4,31,-3,2,-1,1234,1172
2015,8,0,11,-2,-6,4,7,-1,1,-4,2,19,-13,-3,3,1242,1308
2015,1,0,4,-1,-3,0,1,-4,-4,0,-1,-2,9,1,5,1414,1257
2015,-3,4,10,-6,-16,-3,-1,6,8,-7,0,3,-9,0,2,1268,1434
2015,-10,-1,1,-4,0,-3,-7,7,10,7,-3,-7,3,-4,3,1208,1277
2015,4,2,-3,4,-4,0,-2,-9,-13,-4,3,-17,7,-7,5,1461,1320
2015,5,-5,-6,1,4,1,-2,-6,-6,0,2,-9,11,1,-2,1107,1328
2015,0,6,3,-10,-7,-3,2,5,5,-6,-5,6,-1,1,0,1332,1329
2015,-6,-1,-2,-5,6,-6,2,-19,-10,-6,9,-12,1,2,-3,1385,1361
2015,1,-1,-1,8,0,2,1,-19,-16,-5,12,-12,13,-1,5,1125,1438
2015,1,2,0,0,-5,1,-2,-2,-3,-1,-1,-6,7,-3,5,1138,1452
2015,-1,3,-1,-9,2,-9,1,14,12,3,-9,5,-3,6,-6,1455,1231
2015,5,0,6,15,3,4,5,1,0,5,-3,14,-15,-3,3,1458,1157
2015,5,1,6,2,11,2,3,9,7,11,-4,15,-8,5,-4,1112,1326
2015,5,3,2,1,-9,2,0,14,11,-9,-7,13,-7,3,-7,1246,1153
2015,4,1,12,-17,-8,-6,5,4,-1,1,-1,3,7,-3,5,1301,1437
2015,-3,0,6,-15,-5,-4,3,10,7,-3,2,9,-1,4,-5,1314,1116
2015,-1,-3,-8,-7,12,-2,-1,-1,1,4,-1,-3,3,4,-6,1139,1323
2015,0,1,12,-17,-8,-7,6,15,12,3,-5,17,-3,-1,5,1417,1412
2015,3,2,4,-11,-17,-1,-2,23,16,-6,-10,11,1,-3,0,1428,1207
2015,-4,0,10,-1,-12,1,-3,12,13,1,-5,8,-8,-5,6,1462,1209
2015,-11,-1,-8,-1,3,-4,-11,9,7,8,-4,-19,7,-1,2,1361,1181
2015,-10,1,-12,-1,8,-5,-4,-11,-6,0,6,-19,5,0,0,1234,1211
2015,-2,-4,-3,8,-2,1,-4,-8,-6,-2,4,-13,1,0,3,1320,1257
2015,1,4,4,-5,-17,4,0,7,2,-11,1,6,5,2,1,1277,1438
2015,-1,-1,-6,3,2,2,0,-11,-8,-6,5,-6,8,-1,-2,1173,1328
2015,-4,6,6,0,-16,1,-3,-6,-5,-6,-1,-10,-1,-11,13,1268,1452
2015,-5,-2,-3,1,6,-4,-5,-1,1,9,3,-13,-5,-2,2,1242,1455
2015,2,1,2,-4,8,1,4,-22,-16,0,7,-7,7,0,2,1332,1458
2015,1,-2,0,5,3,4,0,3,4,2,-2,8,-4,2,-4,1112,1462
2015,-6,-4,-14,0,4,-2,-11,-13,-15,2,8,-39,4,-3,3,1452,1246
2015,9,1,5,1,-11,6,4,-4,-3,-9,-2,11,-4,-2,4,1323,1455
2015,1,-1,4,8,0,-1,0,5,8,3,-2,7,-3,0,1,1458,1314
2015,3,0,-5,7,15,1,1,-11,-9,10,5,-6,4,2,1,1428,1181
2015,3,-3,5,6,0,0,1,12,10,6,-4,12,-9,1,-2,1211,1417
2015,-5,-1,-2,8,6,6,-4,-13,-8,4,6,-10,4,-2,2,1301,1257
2015,2,-3,-3,10,2,5,2,0,-5,1,0,4,4,-1,-2,1277,1328
2015,8,-8,-4,6,9,0,1,-7,-4,3,2,-2,2,1,-4,1323,1246
2015,3,0,-2,12,2,10,1,1,-5,1,-1,7,-1,0,-1,1458,1112
2015,2,-1,-5,9,6,6,-1,10,10,1,-3,14,-1,7,-10,1181,1211
2015,10,1,5,12,-4,5,3,-9,-5,-5,6,6,3,-1,3,1277,1257
2015,0,1,5,-10,-5,-5,4,21,17,-2,-10,20,-6,5,-6,1181,1277
2015,-3,2,-6,-12,6,-4,3,-12,-9,-6,6,-7,0,4,-4,1246,1458
2015,6,-5,-3,10,10,3,1,-10,-10,5,2,-5,0,-1,0,1458,1181
2016,11,3,18,0,-13,0,11,16,9,1,-8,31,0,-3,9,1195,1192
2016,-3,3,-5,0,-6,-4,-6,1,-4,0,1,-20,0,-4,5,1435,1455
2016,-4,1,-3,-5,16,-6,4,-8,-6,7,7,-4,0,1,-5,1380,1221
2016,0,0,0,-10,-3,-3,1,-1,-4,-2,1,-5,0,0,3,1409,1276
2016,-8,-7,-12,-1,15,0,4,0,-6,5,-1,2,7,11,-9,1114,1345
2016,0,2,-4,1,3,-2,0,-7,-8,-2,2,-10,-1,-2,0,1403,1139
2016,0,-5,-1,-7,-7,-4,0,7,-3,-2,-4,-7,-1,-3,2,1160,1163
2016,1,5,7,-11,-14,-7,-1,24,17,-1,-15,8,-9,-1,1,1181,1423
2016,4,1,15,-4,-6,2,4,0,6,-1,-2,16,5,-4,8,1211,1371
2016,-14,-3,-7,1,2,-7,-9,-1,0,1,3,-25,7,-3,3,1151,1231
2016,5,2,0,-2,0,3,1,7,8,-2,-3,13,-9,3,-3,1235,1233
2016,-17,-9,-5,-1,-9,-2,-14,10,4,1,-4,-26,15,0,2,1122,1242
2016,-4,-12,-13,0,13,-1,-13,1,-1,15,-3,-28,9,-3,4,1392,1246
2016,1,5,10,-11,-5,-5,1,12,10,3,-8,7,-11,1,4,1274,1138
2016,3,5,-5,10,15,5,6,-5,-1,3,0,16,-15,2,-7,1314,1195
2016,-4,-1,7,-11,-10,-3,3,-1,-4,-3,-1,-1,-1,1,6,1425,1344
2016,-8,2,-13,0,3,0,-1,-10,-9,-10,12,-11,11,4,-6,1201,1428
2016,-16,-7,-9,-6,-2,-9,-15,2,3,3,-3,-36,15,-3,2,1214,1438
2016,2,2,-8,2,11,-3,4,4,5,-1,-2,10,5,7,-13,1455,1112
2016,-2,2,10,0,-19,-1,-4,14,13,-6,-7,4,7,-6,5,1463,1124
2016,2,2,1,-5,-4,0,4,-1,3,-10,1,11,9,0,-5,1218,1143
2016,1,0,-11,10,3,3,-6,13,11,0,-6,2,-3,4,-9,1234,1396
2016,-2,-1,-6,6,14,1,1,-10,-8,5,2,-5,7,0,-2,1355,1268
2016,-4,3,-4,-5,5,0,3,6,3,2,-9,9,13,0,-4,1292,1277
2016,3,1,-4,3,13,1,4,-14,-12,6,6,-3,-5,0,-1,1400,1320
2016,-6,7,14,-12,-20,-2,0,10,9,-6,-5,7,-5,-7,9,1323,1276
2016,0,-4,1,-2,2,-6,-2,-11,-4,3,7,-14,13,-1,4,1167,1328
2016,-9,-4,-13,3,-6,0,-14,-7,-11,-3,2,-39,15,2,3,1221,1332
2016,-4,4,9,-7,-3,-4,-1,-12,-8,6,2,-14,-11,-11,15,1452,1372
2016,0,-2,-2,0,3,-1,0,4,3,1,3,2,-1,1,-3,1386,1153
2016,1,1,-14,0,3,-2,-3,-4,-11,-6,-1,-19,-3,0,-6,1173,1393
2016,3,-4,15,-8,1,-2,11,5,7,5,-4,27,-11,-1,2,1401,1453
2016,1,-2,-10,-3,4,3,-2,-6,-7,-2,1,-8,-3,2,-6,1333,1433
2016,-10,-3,-5,-11,0,-8,-12,2,2,5,2,-30,13,-3,3,1421,1437
2016,0,1,4,-8,-5,-1,1,-8,-5,-5,8,-4,3,-3,4,1338,1458
2016,-5,0,-12,7,-5,-3,-8,7,1,-4,-2,-18,13,4,-2,1451,1462
2016,1,-2,-1,0,15,-7,2,-3,-4,15,-2,-7,8,-1,1,1463,1181
2016,5,0,6,4,9,2,12,-2,-3,4,-1,23,8,2,-4,1211,1428
2016,-5,-2,0,-5,5,-2,-1,-4,-2,4,2,-6,-1,1,3,1246,1231
2016,-6,1,-2,4,1,-3,-10,0,6,3,4,-17,8,-5,2,1114,1235
2016,3,3,17,-5,-11,-4,4,11,8,3,-6,12,-8,-4,7,1242,1163
2016,-1,4,7,-10,-21,1,1,9,5,-14,-3,8,-8,0,1,1274,1455
2016,-4,-3,-14,9,-2,2,-8,2,-5,-4,1,-19,8,0,-4,1344,1314
2016,2,1,8,-5,-2,-5,4,4,5,2,-4,8,-8,-4,5,1438,1139
2016,-5,6,7,-1,-22,-3,-1,16,18,-13,-4,13,-8,3,2,1268,1218
2016,-4,-3,7,-10,-13,-2,0,7,3,-3,-3,1,-8,-3,7,1323,1372
2016,6,-4,-2,5,6,3,1,-9,-9,2,5,-4,8,2,1,1433,1328
2016,-1,7,0,9,-4,2,-1,5,5,-2,-1,5,-7,-3,-1,1332,1386
2016,6,9,12,-4,-15,0,8,14,9,-10,-6,25,-5,2,0,1393,1292
2016,-8,-3,5,-3,2,-5,4,7,1,6,-4,4,-8,-3,1,1401,1320
2016,9,1,7,-5,-6,3,5,4,6,-4,-3,19,-5,3,0,1437,1234
2016,2,5,0,11,5,3,3,-8,-6,2,4,3,5,-5,4,1458,1462
2016,-5,6,-8,16,-7,2,-7,-1,-4,-7,3,-16,4,2,-2,1268,1242
2016,9,1,5,-3,-1,5,9,-15,-9,-6,6,14,-1,-2,3,1328,1401
2016,10,2,3,1,6,3,6,2,-1,7,-2,14,-3,-1,0,1332,1181
2016,5,0,8,-2,4,0,7,6,9,2,-3,23,-1,2,-4,1437,1274
2016,-7,-4,-5,11,-1,2,-7,-7,-3,0,5,-15,4,-5,3,1231,1314
2016,2,2,-2,-7,-2,-2,-1,8,9,-2,-6,5,-1,2,-5,1323,1458
2016,9,-2,7,6,-6,3,2,-11,-10,-3,2,-3,1,-5,8,1211,1393
2016,-10,-3,-4,7,-5,3,-5,-9,-6,-5,6,-13,3,-2,4,1235,1438
2016,6,0,5,3,4,8,6,-13,-8,1,5,12,1,-6,3,1328,1332
2016,4,0,3,4,-2,2,2,-8,-11,1,3,-5,-1,-6,7,1242,1437
2016,8,0,9,-5,3,-5,5,10,9,8,-1,14,-5,1,-1,1314,1323
2016,11,1,2,3,-4,2,1,-13,-10,-4,1,-6,-9,-8,5,1438,1393
2016,-13,-1,-12,8,1,4,-8,2,-5,0,3,-17,9,2,-2,1393,1314
2016,6,1,15,-9,-11,5,16,8,7,-12,-9,44,0,6,-6,1437,1328
2016,10,-2,-1,3,15,3,-1,-4,-4,14,4,-3,-1,0,1,1314,1437
2017,4,2,8,-11,-6,-3,6,4,-2,0,1,7,0,-2,4,1243,1448
2017,-2,1,-1,-10,7,-9,4,-1,0,4,5,-1,0,4,-2,1309,1291
2017,0,1,13,-10,-19,0,-2,9,8,-3,-2,4,0,-6,9,1413,1300
2017,5,-2,0,1,-6,2,1,-10,-8,-9,8,-4,0,-1,2,1344,1425
2017,4,-1,-11,11,7,6,-4,-12,-16,2,5,-18,13,3,-1,1315,1112
2017,-3,-5,-13,6,13,1,1,-20,-15,-2,7,-12,9,2,-3,1457,1139
2017,-4,-4,-7,2,8,2,-1,-17,-15,1,7,-15,9,-3,2,1190,1196
2017,2,-8,-18,15,16,6,-1,-19,-10,-2,4,-6,11,-3,-5,1195,1199
2017,0,3,7,10,5,3,7,7,3,5,-4,20,-15,2,-4,1211,1355
2017,4,-1,13,-7,-11,0,4,2,3,-3,1,11,-7,-4,6,1235,1305
2017,-4,0,-6,8,-6,-1,-4,-6,0,-7,2,-9,-7,1,0,1278,1292
2017,1,-6,6,-12,-2,-3,5,0,-5,1,2,2,-1,0,2,1321,1435
2017,-3,-1,1,-20,-5,-4,-1,15,8,2,-5,2,-7,2,-3,1323,1343
2017,-5,5,7,-7,-1,-1,4,4,3,3,-2,10,-9,-4,1,1345,1436
2017,7,0,12,4,-20,4,-4,13,12,-4,-12,8,-3,-2,6,1388,1433
2017,4,-2,12,-4,3,1,10,-1,-1,4,2,20,-15,0,4,1437,1291
2017,-6,3,1,-9,-9,-3,1,8,6,-8,-1,5,-7,1,-1,1438,1423
2017,2,1,2,-9,7,-4,3,6,4,8,-6,6,-9,-1,-2,1452,1137
2017,5,1,1,14,11,6,3,-1,-2,11,4,10,-1,1,-2,1458,1439
2017,-2,1,-8,4,4,-2,-3,-5,-3,-2,2,-11,-5,-1,-4,1268,1462
2017,3,3,-1,-10,-8,-3,2,2,5,-13,2,6,-1,6,-5,1116,1371
2017,0,-5,-11,14,3,4,-7,-6,-8,-1,3,-18,11,2,-1,1308,1124
2017,0,2,10,-7,-11,-2,6,7,4,-2,-7,14,-5,-3,4,1153,1243
2017,5,6,-2,5,3,8,5,9,4,1,-2,22,-13,12,-9,1181,1407
2017,12,4,16,5,2,7,15,2,1,2,-2,38,-15,1,-2,1242,1413
2017,-1,-6,-8,15,12,5,-1,-17,-12,2,7,-9,13,1,-4,1297,1246
2017,0,3,-1,4,-18,5,-8,-6,-4,-12,2,-15,13,-6,8,1240,1257
2017,-2,-3,9,-13,8,-9,6,-6,-4,10,8,-1,3,-2,6,1329,1276
2017,10,2,12,4,1,2,9,-3,0,1,1,20,1,-8,2,1277,1274
2017,-9,-1,-13,5,-15,-1,-16,-10,-6,-14,4,-39,15,0,3,1411,1314
2017,-1,5,-11,3,1,1,-7,-5,-3,-3,3,-16,11,-4,-2,1233,1332
2017,0,0,-4,2,7,3,0,-12,-15,3,4,-12,-5,-6,3,1166,1348
2017,5,-1,1,-4,14,-3,11,5,1,7,-7,20,-3,8,-9,1376,1266
2017,15,3,6,-8,-12,-2,6,11,7,-9,-6,17,-11,-1,-2,1417,1245
2017,3,4,5,5,-7,-1,0,3,2,-1,1,1,5,0,2,1425,1374
2017,0,-5,-16,2,10,1,-1,-7,-5,-3,4,-6,-3,6,-10,1173,1455
2017,-10,1,2,-10,-3,-1,-2,15,14,0,-8,9,-5,2,-4,1112,1388
2017,1,2,5,-4,-10,4,-1,9,7,-5,-5,9,-8,-1,-2,1139,1292
2017,2,-2,6,6,-4,7,7,11,5,-2,-7,26,-1,2,-1,1196,1438
2017,-2,2,3,-8,-7,-4,-1,23,12,3,-8,6,-7,-4,1,1211,1321
2017,-13,2,-4,-3,-4,-1,-1,-1,-1,-6,1,-4,1,1,-3,1235,1345
2017,-4,-2,-4,14,0,2,-5,-9,-4,-2,3,-12,1,0,2,1323,1452
2017,-5,-4,-3,-2,2,-1,-5,5,8,-1,-3,-3,-7,4,-6,1437,1458
2017,10,0,7,-4,-6,7,6,7,6,-4,-4,25,8,-3,0,1462,1199
2017,-3,0,3,-3,6,-2,1,5,4,8,-2,4,-8,4,-1,1124,1425
2017,-1,2,5,-3,7,0,9,-2,2,3,2,20,-8,6,-3,1242,1277
2017,-1,0,2,-6,-7,-1,-1,9,6,-4,-3,3,-8,4,-4,1246,1455
2017,-1,-1,-1,-3,-4,1,0,2,3,-6,-3,4,5,0,-5,1276,1257
2017,-6,0,-3,4,-3,3,2,-17,-14,-10,10,-7,7,-3,2,1116,1314
2017,0,0,1,-6,-7,1,-5,19,12,6,-7,3,-8,0,3,1332,1348
2017,-5,5,2,5,-10,3,-5,-3,0,-5,4,-7,-5,-2,7,1181,1376
2017,10,4,0,8,4,4,5,0,-2,-2,-3,12,-3,3,-7,1417,1153
2017,0,4,-6,13,16,1,-2,-3,0,13,-1,-3,3,0,-3,1452,1211
2017,1,2,4,1,6,5,10,10,7,3,-3,32,-3,3,-6,1242,1345
2017,1,-1,-1,14,0,3,-1,-9,-2,-4,7,-1,4,-3,3,1276,1332
2017,0,0,1,11,9,1,-1,-5,-1,7,4,-2,-9,1,0,1112,1462
2017,4,-5,5,-5,-7,-1,0,2,0,-3,2,-1,4,4,4,1458,1196
2017,2,0,-1,0,8,1,2,4,6,2,-2,11,-1,2,-7,1246,1417
2017,-9,0,-10,4,5,-1,-4,-12,-3,-2,2,-12,3,-2,-1,1139,1314
2017,-1,-3,-7,-7,6,-5,-6,-3,-3,4,0,-20,-4,-1,0,1124,1376
2017,-9,-3,-2,-8,1,-10,-7,-3,0,2,3,-24,10,-3,1,1462,1211
2017,2,-7,-7,0,3,-6,-8,10,8,3,0,-14,-2,-1,-5,1242,1332
2017,1,7,8,-4,-7,-4,0,7,6,2,-1,2,-1,0,7,1314,1246
2017,4,3,-5,16,7,5,-1,-17,-10,2,4,-7,-3,3,5,1196,1376
2017,-3,-2,-8,1,6,-2,-4,9,6,3,-7,-4,6,4,-7,1376,1211
2017,-9,4,5,5,-10,-1,-3,1,6,-5,-2,-1,2,-2,5,1332,1314
2017,4,3,-6,8,14,-4,6,0,-2,3,0,6,0,5,-10,1314,1211
