Season,WOLDiff,WLKDiff,SAGDiff,RPIDiff,POMDiff,MORDiff,DOLDiff,COLDiff,SeedDiff,Team1,Team2
2003,26,3,6,31,-5,16,-19,-1,0,1411,1421
2003,-175,-151,-156,-142,-141,-183,-154,-142,-15,1112,1436
2003,20,13,8,6,12,-1,27,19,3,1113,1272
2003,32,13,30,21,23,17,19,17,5,1141,1166
2003,-21,-18,-6,-20,-8,12,-24,-28,-1,1143,1301
2003,2,1,-5,9,-3,-25,-10,7,-7,1163,1140
2003,67,87,79,63,79,75,82,64,11,1161,1181
2003,-2,-7,-3,14,6,15,-4,-6,1,1211,1153
2003,-49,-43,-49,-40,-47,-54,-43,-38,-9,1228,1443
2003,-83,-85,-97,-73,-105,-126,-78,-67,-13,1242,1429
2003,60,46,54,51,67,87,32,49,11,1221,1266
2003,-12,-20,-28,-17,-33,-48,-11,-7,-5,1281,1356
2003,30,30,27,31,34,16,34,26,7,1454,1323
2003,-205,-197,-223,-175,-221,-232,-184,-177,-15,1328,1354
2003,72,52,58,61,52,52,77,74,9,1360,1390
2003,46,33,32,51,22,3,64,44,9,1409,1173
2003,-33,-49,-40,-16,-44,-85,-41,-13,-7,1458,1451
2003,-13,-31,-23,-9,-27,-6,-21,-17,-3,1386,1120
2003,-7,-12,-19,-11,-40,-66,-9,-4,-7,1280,1139
2003,104,91,131,76,128,162,85,73,13,1358,1196
2003,-1,1,4,9,13,8,-4,-4,-3,1231,1104
2003,-154,-143,-161,-159,-132,-144,-138,-147,-15,1246,1237
2003,-65,-71,-97,-62,-109,-137,-50,-63,-9,1257,1122
2003,36,14,30,14,28,39,21,21,5,1423,1268
2003,-3,-5,3,-15,-3,-14,7,-3,-3,1277,1160
2003,-31,-23,-24,-37,-14,-54,-7,-24,-5,1329,1335
2003,165,145,171,95,186,187,142,118,13,1447,1338
2003,3,9,7,-9,17,26,10,-3,1,1345,1261
2003,-57,-34,-57,-46,-48,-67,-52,-43,-11,1393,1264
2003,-213,-230,-246,-182,-266,-265,-251,-209,-15,1400,1421
2003,-8,-12,8,-34,-5,39,4,-12,1,1428,1332
2003,121,114,124,118,135,129,101,112,13,1190,1448
2003,50,42,65,46,52,89,42,50,11,1407,1462
2003,-41,-36,-37,-41,-38,-50,-48,-38,-8,1112,1211
2003,11,-2,-6,7,-7,-8,3,13,1,1163,1390
2003,-40,-27,-38,-32,-42,-40,-28,-24,-8,1181,1141
2003,-27,-30,-28,-26,-28,-20,-37,-31,-8,1242,1113
2003,15,11,8,7,11,6,10,14,3,1281,1266
2003,4,10,6,-4,17,31,5,7,1,1323,1228
2003,20,25,32,30,31,37,19,25,7,1143,1328
2003,41,37,39,39,37,20,55,36,8,1409,1458
2003,36,38,34,29,33,24,39,36,8,1120,1448
2003,19,23,29,24,37,60,12,23,8,1139,1257
2003,-24,-30,-37,-15,-36,-65,-32,-19,-8,1246,1428
2003,-12,-12,-8,-17,-2,10,-18,-21,-3,1462,1268
2003,-27,-24,-29,-16,-19,-9,-37,-28,-5,1196,1277
2003,-33,-34,-38,-39,-44,-31,-32,-34,-5,1338,1231
2003,19,9,13,13,14,8,22,17,3,1329,1393
2003,27,32,29,26,31,25,33,29,8,1345,1400
2003,16,18,15,12,19,32,15,20,4,1323,1112
2003,-3,1,6,6,4,8,-2,4,1,1181,1242
2003,19,17,18,24,15,14,23,20,4,1458,1246
2003,-5,-10,-11,-2,-11,-15,-7,-5,-1,1338,1266
2003,-10,-8,-15,6,-6,-7,-13,-5,-1,1268,1277
2003,-23,-21,-27,-32,-42,-68,-22,-26,-11,1328,1139
2003,-35,-33,-31,-27,-30,-23,-38,-35,-7,1393,1120
2003,25,19,18,24,16,5,19,26,4,1163,1400
2003,-10,-2,-2,-4,-1,2,-9,-5,-1,1112,1242
2003,-7,-12,-13,-9,-12,-17,-9,-9,-2,1246,1266
2003,1,-6,-4,-6,-6,-15,1,-6,-2,1328,1393
2003,-31,-28,-31,-27,-18,-4,-38,-38,-6,1400,1277
2003,4,-9,-10,-4,-9,-16,1,-3,-1,1242,1266
2003,2,-7,-7,-5,-8,-9,2,-5,-2,1400,1393
2003,-7,10,8,3,11,19,-6,2,1,1393,1242
2004,83,81,65,68,58,43,94,80,0,1197,1250
2004,4,5,-3,1,-11,-31,26,17,-1,1104,1356
2004,-127,-120,-143,-110,-154,-158,-108,-105,-13,1163,1436
2004,-4,-8,-9,-3,-9,-12,3,5,-3,1177,1173
2004,260,252,262,229,277,269,271,239,15,1106,1181
2004,134,126,148,130,130,112,127,122,13,1434,1211
2004,-38,-25,-38,-29,-38,-52,-29,-27,-7,1196,1264
2004,-36,-30,-25,-28,-27,-62,-18,-21,-9,1268,1431
2004,-5,15,19,10,15,-11,17,10,-3,1277,1305
2004,33,32,30,51,36,50,22,28,5,1102,1314
2004,6,-4,-2,13,5,-6,4,8,1,1112,1371
2004,-188,-170,-194,-162,-176,-182,-189,-160,-15,1386,1251
2004,210,199,227,193,204,206,204,179,15,1427,1390
2004,-26,-6,5,-17,-4,-16,-10,-25,-7,1393,1140
2004,108,85,101,111,85,113,78,97,11,1343,1400
2004,3,-5,5,4,10,14,-4,-1,1,1150,1403
2004,54,37,68,34,69,63,42,42,9,1433,1448
2004,12,3,1,14,4,14,4,6,5,1428,1130
2004,-48,-36,-59,-50,-52,-80,-31,-37,-9,1153,1190
2004,-66,-64,-76,-43,-70,-71,-65,-54,-11,1210,1320
2004,41,34,32,35,44,57,36,37,7,1293,1228
2004,-61,-38,-57,-72,-33,-49,-43,-52,-9,1242,1227
2004,285,272,283,260,272,253,271,260,15,1197,1246
2004,3,-3,5,-13,-3,-3,-4,-9,-3,1272,1376
2004,-156,-145,-172,-112,-181,-207,-148,-118,-13,1280,1284
2004,78,47,59,54,54,59,65,60,11,1418,1301
2004,143,109,122,121,120,119,120,134,13,1186,1329
2004,-41,-41,-50,-44,-50,-67,-35,-40,-7,1344,1334
2004,-51,-57,-76,-54,-95,-117,-51,-55,-11,1338,1416
2004,11,10,13,27,15,-2,8,12,-1,1449,1412
2004,-19,1,-7,-17,-6,-1,9,-5,-5,1435,1444
2004,-39,-29,-29,-35,-24,-42,-40,-42,-5,1458,1350
2004,17,7,17,11,3,2,3,14,-3,1462,1257
2004,30,32,27,19,22,20,43,35,7,1104,1390
2004,30,34,40,32,44,41,31,29,5,1177,1163
2004,32,35,33,27,27,31,37,26,7,1371,1181
2004,43,20,22,20,20,14,31,27,8,1305,1211
2004,25,33,24,27,24,19,30,28,7,1403,1386
2004,-3,-8,-18,4,-11,-7,-5,8,-1,1268,1393
2004,-4,3,2,-9,6,9,-5,-8,-3,1400,1314
2004,43,29,46,22,43,55,40,29,8,1264,1448
2004,15,30,30,6,30,18,19,14,3,1130,1210
2004,4,5,4,12,4,3,-1,4,1,1228,1153
2004,39,43,49,50,46,76,37,42,8,1334,1242
2004,-19,-21,-24,-26,-23,-29,-19,-19,-5,1329,1272
2004,13,3,6,4,11,-2,6,4,3,1458,1338
2004,42,36,36,31,32,39,45,41,8,1412,1246
2004,-9,-12,-9,-10,-18,-20,-19,-8,-3,1301,1435
2004,40,21,28,31,19,13,30,36,5,1462,1280
2004,-14,-10,2,-12,-7,-3,-22,-24,-3,1393,1104
2004,13,15,14,22,16,26,20,15,4,1435,1163
2004,-1,4,5,2,-6,1,2,1,1,1338,1329
2004,9,14,9,17,8,3,12,14,3,1448,1386
2004,-17,-14,-17,-22,-18,-15,-12,-12,-4,1181,1228
2004,-42,-17,-17,-13,-12,-26,-26,-23,-7,1210,1305
2004,20,19,17,18,11,27,30,24,5,1412,1242
2004,-34,-11,-22,-25,-9,-1,-25,-28,-4,1400,1462
2004,-23,-27,-26,-21,-26,-24,-35,-30,-6,1163,1104
2004,-3,-5,-3,-3,-4,7,-5,-3,-1,1386,1329
2004,-42,-26,-36,-34,-25,-20,-34,-39,-6,1181,1462
2004,-14,-12,-15,1,-15,-4,-11,-6,-1,1210,1242
2004,5,7,6,4,7,2,7,7,1,1163,1181
2004,3,2,3,10,1,5,3,6,1,1210,1329
2004,2,-1,1,11,2,7,-1,3,1,1210,1163
2005,-60,-55,-101,-34,-95,-103,-86,-37,0,1324,1105
2005,42,27,32,42,11,22,53,54,11,1429,1112
2005,79,46,51,46,60,66,69,77,9,1335,1130
2005,9,6,3,19,2,4,2,9,3,1234,1153
2005,-56,-77,-85,-72,-78,-109,-56,-63,-11,1211,1457
2005,181,181,200,167,192,195,182,176,15,1192,1228
2005,110,114,136,105,135,160,107,122,13,1184,1246
2005,1,-8,-16,10,-13,-27,-17,11,-1,1400,1305
2005,-123,-99,-117,-77,-100,-103,-104,-110,-11,1328,1310
2005,-17,-2,-2,-14,17,46,-11,-5,-1,1334,1338
2005,7,10,29,10,10,9,28,4,5,1417,1403
2005,-15,-22,-18,-24,-23,-26,-26,-23,-5,1261,1412
2005,24,28,28,10,43,24,24,12,5,1431,1428
2005,126,127,139,128,160,165,134,128,13,1151,1448
2005,-166,-170,-177,-155,-182,-170,-161,-157,-15,1449,1285
2005,14,2,7,10,2,16,18,6,3,1166,1452
2005,-20,-22,-20,-41,-24,-45,-20,-25,-7,1104,1454
2005,-74,-90,-105,-63,-98,-132,-79,-98,-11,1242,1137
2005,97,128,156,95,180,177,133,104,13,1416,1163
2005,157,169,207,125,196,208,182,157,15,1175,1181
2005,40,55,61,29,75,98,50,45,9,1325,1196
2005,-27,-11,-20,-29,-21,-13,-23,-20,-7,1210,1203
2005,-11,-21,-13,-22,-14,7,-11,-19,-1,1278,1235
2005,47,58,69,35,49,64,67,59,9,1418,1257
2005,10,33,42,14,66,67,21,23,7,1330,1277
2005,-1,-13,-17,-12,3,-4,-15,-2,1,1280,1390
2005,-11,3,18,-32,25,42,2,-17,-3,1150,1301
2005,-191,-190,-184,-186,-171,-175,-192,-204,-15,1314,1324
2005,-112,-113,-134,-110,-124,-156,-116,-125,-13,1329,1368
2005,-7,-26,-24,-14,-34,47,-16,-14,-3,1356,1388
2005,31,13,28,6,59,89,27,39,9,1436,1393
2005,9,31,22,52,20,20,11,27,7,1307,1437
2005,29,31,23,23,30,61,34,27,5,1320,1458
2005,44,40,36,41,40,39,43,41,8,1412,1112
2005,-35,-42,-40,-30,-46,-60,-45,-26,-8,1228,1305
2005,16,13,15,13,12,10,20,12,5,1153,1246
2005,-14,-17,-1,-18,-20,-1,-10,-14,-3,1211,1403
2005,-5,-13,-14,-5,-2,-10,-10,-10,-3,1328,1428
2005,8,18,22,19,29,59,11,20,7,1334,1449
2005,-25,-35,-34,-27,-30,-25,-27,-28,-5,1448,1452
2005,33,20,18,49,21,31,25,36,8,1454,1130
2005,-33,-26,-29,-25,-38,-32,-30,-32,-8,1181,1280
2005,-11,-13,-13,-15,-14,-10,-15,-18,-1,1257,1210
2005,27,21,32,5,69,97,23,34,8,1436,1277
2005,29,17,15,50,18,6,18,35,8,1301,1163
2005,-50,-55,-48,-56,-43,-39,-41,-49,-8,1314,1235
2005,14,18,25,11,22,42,19,13,5,1356,1329
2005,-1,-2,-3,4,3,-11,-2,3,-1,1196,1437
2005,66,77,95,50,90,131,68,85,8,1137,1458
2005,-3,5,6,3,8,-3,7,-1,1,1112,1329
2005,-39,-37,-35,-56,-41,-53,-34,-44,-11,1228,1454
2005,11,3,2,9,-1,-2,3,8,3,1257,1449
2005,-3,-9,-16,-6,1,3,-7,-8,-1,1403,1452
2005,11,17,16,12,6,13,16,14,4,1428,1246
2005,12,8,8,17,1,8,12,13,4,1277,1181
2005,-20,-15,-15,-9,-6,-14,-20,-14,-4,1314,1437
2005,27,11,9,49,4,-7,17,33,4,1301,1458
2005,5,9,11,6,14,6,13,6,2,1112,1228
2005,-13,-30,-31,-22,-26,-24,-21,-23,-3,1257,1452
2005,9,3,3,10,-9,-4,11,8,3,1277,1246
2005,-16,-18,-17,-8,-18,-19,-17,-15,-5,1314,1458
2005,-14,-8,-6,-10,-8,-3,-8,-10,-3,1228,1257
2005,15,9,9,15,2,9,14,16,4,1277,1314
2005,-1,-1,-1,-4,-1,2,-1,-1,0,1228,1314
2006,101,93,101,140,67,86,137,87,0,1214,1284
2006,22,26,26,26,49,16,26,22,3,1104,1266
2006,85,64,62,66,70,59,66,61,9,1334,1130
2006,-172,-159,-204,-131,-174,-229,-185,-170,-15,1181,1380
2006,51,47,85,51,70,68,66,46,11,1375,1196
2006,27,13,26,-9,9,29,32,27,1,1423,1203
2006,-63,-48,-41,-71,-40,-20,-52,-58,-11,1211,1462
2006,43,50,49,36,38,49,33,39,9,1102,1228
2006,39,33,37,22,10,18,15,13,5,1361,1231
2006,-34,-34,-49,-51,-48,-68,-40,-41,-9,1261,1233
2006,52,51,73,42,69,65,48,47,7,1285,1305
2006,-56,-63,-57,-67,-76,-96,-78,-67,-13,1397,1457
2006,-18,-7,-13,-27,19,11,-4,-13,-7,1393,1401
2006,-142,-133,-169,-105,-131,-143,-157,-147,-13,1417,1125
2006,29,33,47,11,46,73,38,34,7,1429,1449
2006,-35,-26,-31,-37,-30,-30,-44,-37,-5,1328,1454
2006,25,26,26,31,17,16,29,27,3,1371,1455
2006,-10,-13,-5,1,-1,14,14,-6,1,1458,1112
2006,-28,-23,-26,-13,-28,-43,-35,-30,-9,1242,1133
2006,8,-19,-24,3,-26,-75,5,-15,-1,1116,1137
2006,-144,-118,-152,-116,-135,-151,-137,-131,-15,1163,1107
2006,-16,1,-9,-8,-5,-57,-16,-22,-5,1277,1206
2006,11,9,17,-11,7,36,13,-2,3,1320,1207
2006,-9,5,10,-9,14,29,-5,-2,1,1412,1246
2006,119,106,116,127,121,99,115,124,15,1331,1272
2006,-24,-15,-27,-1,-25,-18,-10,-11,3,1301,1143
2006,-49,-61,-83,-53,-83,-107,-74,-55,-11,1314,1293
2006,-43,-72,-72,-53,-60,-109,-50,-61,-11,1234,1322
2006,107,103,117,89,111,114,120,110,13,1172,1326
2006,39,39,55,37,51,51,51,45,7,1245,1338
2006,-95,-90,-93,-90,-97,-114,-99,-85,-13,1400,1335
2006,162,161,174,142,191,184,155,168,15,1284,1437
2006,-22,-20,-24,9,-30,-32,-22,-1,-5,1452,1356
2006,58,53,83,39,71,100,54,49,8,1285,1130
2006,-5,-15,-21,-36,-30,-39,-8,-16,-7,1181,1203
2006,57,50,60,38,63,49,65,48,8,1454,1196
2006,-20,-13,-7,-25,-14,6,-32,-32,-3,1211,1231
2006,-24,-27,-27,-31,-20,-2,-7,-19,-8,1261,1401
2006,-40,-47,-44,-47,-59,-38,-51,-47,-8,1417,1104
2006,20,14,13,21,9,5,9,10,1,1449,1228
2006,13,12,18,21,24,32,8,8,5,1455,1397
2006,35,22,27,22,24,36,38,36,8,1133,1338
2006,-37,-35,-32,-38,-28,-21,-36,-32,-7,1163,1246
2006,24,17,29,14,18,74,29,34,8,1206,1314
2006,16,13,8,31,8,8,14,22,5,1207,1326
2006,-14,-36,-38,-38,-35,-81,-19,-39,-8,1272,1137
2006,-23,-32,-20,-43,-19,-23,-24,-28,-8,1400,1301
2006,45,44,38,21,32,20,33,35,7,1112,1437
2006,-30,-61,-66,-22,-56,-101,-41,-44,-8,1452,1322
2006,15,11,11,12,12,14,18,14,3,1261,1181
2006,-43,-28,-32,-29,-25,-37,-47,-42,-12,1272,1133
2006,-16,-20,-17,-30,-12,-16,-18,-21,-4,1400,1452
2006,-12,3,5,-1,15,32,-5,-1,1,1211,1417
2006,27,21,18,32,18,12,18,16,4,1449,1163
2006,-13,-12,-10,-21,-12,-12,-13,-14,-4,1196,1207
2006,9,-2,6,-1,-11,21,18,23,4,1206,1455
2006,-11,-15,-14,-20,-16,-9,-9,-16,-3,1437,1130
2006,8,8,8,5,7,12,13,7,2,1261,1400
2006,-13,-9,-8,-6,-5,3,-6,-3,-1,1272,1417
2006,7,4,3,13,2,2,5,11,2,1196,1437
2006,35,23,36,23,26,73,41,42,10,1206,1163
2006,-27,-18,-32,-11,-23,-67,-35,-32,-8,1196,1206
2006,1,2,1,-3,-1,-10,-9,-8,-2,1417,1261
2006,7,7,7,-5,7,-1,2,-6,-1,1417,1196
2007,28,52,69,35,87,105,70,38,0,1197,1310
2007,21,22,30,21,26,31,11,16,3,1403,1130
2007,19,20,47,13,42,1,26,32,7,1330,1139
2007,-107,-99,-118,-107,-126,-125,-121,-110,-13,1207,1125
2007,-11,-24,-18,-33,-34,-11,-26,-19,-3,1231,1211
2007,-9,-31,-20,-26,-38,-38,-34,-31,-5,1257,1390
2007,-3,-13,-44,-32,-63,-61,-13,-20,-9,1268,1172
2007,-6,12,14,-2,15,-6,-8,-8,-1,1266,1277
2007,-143,-163,-167,-124,-187,-187,-159,-145,-15,1314,1184
2007,161,159,191,146,170,145,159,153,15,1148,1326
2007,-67,-68,-78,-67,-85,-72,-73,-69,-11,1338,1460
2007,-85,-82,-101,-71,-97,-99,-78,-77,-11,1401,1335
2007,137,145,147,140,176,173,133,141,13,1451,1417
2007,-8,-21,-45,-29,-62,-57,-29,-24,-5,1181,1433
2007,21,14,17,25,31,33,18,19,5,1203,1435
2007,-83,-60,-73,-65,-61,-84,-70,-79,-11,1450,1331
2007,-28,3,3,-15,21,21,-13,-8,-1,1140,1462
2007,-163,-193,-229,-162,-289,-270,-220,-172,-15,1196,1238
2007,146,148,158,125,167,141,134,137,15,1310,1242
2007,9,1,2,6,1,-4,-1,4,1,1437,1246
2007,-124,-132,-136,-129,-176,-157,-149,-124,-13,1272,1317
2007,17,-2,-1,-3,-31,-36,17,9,3,1166,1305
2007,-98,-82,-84,-71,-72,-76,-90,-99,-11,1332,1275
2007,31,22,20,28,-1,6,13,29,1,1345,1112
2007,68,63,76,53,65,64,70,69,9,1221,1356
2007,53,62,67,67,92,61,58,58,7,1253,1397
2007,-42,-52,-67,-43,-80,-79,-54,-33,-9,1400,1308
2007,26,7,-10,42,-38,-17,8,31,3,1210,1424
2007,-24,-1,-5,12,13,20,-3,-15,-7,1425,1116
2007,45,49,85,23,102,87,63,61,9,1107,1438
2007,1,7,20,-5,-2,9,-1,-10,7,1228,1439
2007,-10,20,23,39,54,68,-6,40,5,1457,1323
2007,67,65,81,77,122,109,70,78,13,1394,1458
2007,8,24,10,11,16,58,18,4,1,1139,1268
2007,30,37,26,23,36,33,29,26,5,1130,1207
2007,-29,-26,-21,-22,-12,-32,-29,-26,-8,1314,1277
2007,52,27,39,32,30,16,54,32,8,1462,1326
2007,-21,-23,-48,-39,-60,-59,-34,-32,-8,1338,1433
2007,-21,-22,-24,-20,-10,-4,-18,-11,-3,1401,1257
2007,33,23,22,25,12,19,20,35,5,1231,1417
2007,34,35,31,21,18,20,33,31,3,1435,1450
2007,43,34,29,36,19,35,33,37,8,1345,1196
2007,-16,-12,-14,-2,-16,-18,-17,-14,-7,1242,1246
2007,5,13,24,15,54,50,13,8,5,1305,1272
2007,3,24,22,49,50,69,-2,56,8,1457,1332
2007,-32,-23,-8,-27,9,-2,-26,-33,-1,1356,1439
2007,-25,-30,-15,-43,-9,-15,-16,-26,1,1397,1438
2007,-12,-16,-24,-6,-45,-25,-20,-7,-5,1458,1424
2007,8,19,19,21,27,32,27,3,1,1425,1400
2007,3,6,13,-4,33,27,5,3,3,1356,1242
2007,9,1,2,9,-4,-2,5,4,1,1401,1272
2007,18,22,22,11,35,28,22,19,4,1397,1326
2007,-8,-6,-4,-2,-4,-4,-3,-5,-1,1417,1338
2007,-21,-33,-18,-21,-24,-63,-26,-16,-4,1196,1139
2007,41,49,46,37,45,41,42,37,4,1435,1207
2007,24,40,34,45,42,43,40,27,4,1425,1314
2007,-4,-9,-14,11,-31,-22,-8,1,-4,1332,1424
2007,6,6,5,7,5,1,5,8,1,1272,1326
2007,-3,1,2,-8,6,9,3,-3,1,1417,1242
2007,5,11,12,15,18,10,9,6,2,1332,1196
2007,4,5,7,7,5,3,5,7,1,1207,1314
2007,-2,2,3,-3,5,8,2,-4,1,1417,1196
2007,7,4,6,8,2,-2,7,9,1,1207,1326
2007,4,1,1,5,-1,-3,4,5,0,1196,1326
2008,84,84,110,69,140,126,104,75,0,1164,1291
2008,-80,-87,-129,-72,-154,-154,-108,-84,-13,1181,1125
2008,-99,-108,-116,-85,-125,-114,-107,-103,-15,1242,1340
2008,17,24,10,22,-5,3,12,21,5,1243,1425
2008,-42,-49,-46,-37,-49,-26,-44,-34,-5,1266,1246
2008,41,21,46,31,48,49,50,33,7,1396,1277
2008,62,48,64,35,66,77,72,50,7,1206,1323
2008,44,39,56,38,53,76,44,48,9,1331,1338
2008,7,9,9,-2,14,18,13,15,5,1124,1345
2008,49,62,95,51,122,119,70,61,11,1165,1390
2008,-2,-6,3,-16,28,23,4,1,-1,1140,1401
2008,-279,-275,-301,-219,-316,-297,-287,-237,-15,1417,1290
2008,-15,-16,-4,-3,13,-1,-5,-1,1,1245,1424
2008,-98,-91,-95,-85,-98,-106,-90,-97,-9,1450,1457
2008,12,14,9,8,-1,6,8,22,3,1112,1452
2008,-75,-66,-77,-69,-106,-85,-80,-74,-11,1458,1168
2008,83,101,80,89,63,35,70,88,11,1208,1462
2008,-19,-18,-18,-9,-21,5,-27,-18,-1,1231,1116
2008,28,42,31,21,43,45,43,30,3,1375,1139
2008,2,7,-1,-5,-5,4,-4,-6,-3,1211,1172
2008,86,99,116,80,137,153,93,101,13,1420,1207
2008,101,81,93,74,122,105,67,64,11,1129,1257
2008,-142,-159,-164,-144,-183,-196,-159,-149,-15,1272,1426
2008,7,9,5,-2,1,-15,1,-1,-3,1274,1388
2008,-5,-19,5,-18,-3,-4,4,-21,-1,1280,1332
2008,-169,-169,-177,-157,-164,-159,-183,-173,-15,1314,1291
2008,-21,-1,-18,-17,-19,-12,-28,-21,-5,1328,1386
2008,79,100,92,76,96,84,85,84,9,1360,1163
2008,-62,-52,-63,-54,-65,-67,-76,-69,-9,1435,1373
2008,-121,-120,-148,-90,-145,-154,-134,-124,-13,1397,1110
2008,-110,-119,-143,-78,-163,-128,-127,-115,-13,1400,1122
2008,21,37,36,32,38,24,26,28,7,1437,1155
2008,-24,-28,-31,-29,-40,-31,-35,-30,-7,1179,1443
2008,-34,-40,-43,-19,-52,-60,-33,-20,-7,1242,1424
2008,-1,-6,-2,-1,9,-4,2,-1,-1,1338,1277
2008,-8,-4,-4,-6,-2,-2,-12,-9,-3,1390,1266
2008,30,32,24,37,14,15,21,26,8,1401,1417
2008,4,9,11,3,16,6,5,-1,1,1323,1450
2008,21,16,14,22,17,12,20,20,5,1452,1181
2008,-37,-42,-26,-39,-11,-15,-32,-42,-8,1458,1243
2008,-17,-21,-18,-36,-7,-3,-9,-15,-3,1462,1345
2008,16,11,18,27,25,22,23,29,8,1172,1207
2008,-17,-24,-20,-14,-27,-37,-9,-20,-3,1257,1328
2008,-43,-25,-36,-37,-31,-23,-41,-36,-7,1272,1280
2008,40,39,38,29,35,26,43,33,8,1116,1314
2008,-6,-7,-17,-16,-18,-31,-7,-6,-5,1397,1139
2008,-28,-30,-27,-28,-40,-40,-26,-26,-5,1400,1274
2008,44,30,44,15,62,64,54,37,1,1373,1437
2008,64,82,66,55,53,35,59,63,1,1360,1443
2008,-10,-6,-6,-12,5,1,-16,-9,-1,1397,1257
2008,13,14,11,21,6,13,12,21,3,1450,1314
2008,-31,-36,-43,-35,-62,-61,-42,-38,-11,1417,1443
2008,-15,-10,-8,-20,-5,4,-12,-14,-4,1462,1452
2008,-19,-12,-20,-24,-29,-19,-26,-30,-7,1458,1172
2008,38,50,51,46,50,34,42,42,11,1437,1242
2008,-15,-19,-14,-13,-14,-14,-12,-16,-4,1272,1277
2008,4,5,1,8,3,5,2,5,1,1390,1400
2008,-14,-11,-12,-11,-4,-7,-20,-12,-2,1314,1257
2008,10,9,8,5,16,18,11,9,2,1462,1417
2008,-21,-16,-24,-30,-32,-26,-29,-32,-9,1242,1172
2008,-6,-5,-5,-3,-4,-4,-6,-7,-1,1272,1400
2008,3,2,1,3,-4,-1,2,4,0,1242,1314
2008,1,-2,-1,1,-1,1,2,1,0,1417,1272
2008,-2,1,2,-2,2,2,-1,-3,0,1272,1242
2009,39,11,23,38,28,62,19,-18,0,1106,1287
2009,182,171,205,166,210,171,197,177,15,1151,1163
2009,106,110,154,87,155,162,110,98,13,1127,1181
2009,98,82,93,73,86,83,94,90,9,1103,1211
2009,-13,-10,-7,-13,-3,20,7,-9,1,1139,1261
2009,14,12,16,16,25,-5,15,10,3,1268,1143
2009,139,141,116,120,103,124,146,145,13,1169,1272
2009,-13,-26,-16,-16,-27,-25,-17,-22,-3,1155,1276
2009,126,106,163,129,168,160,146,135,15,1347,1314
2009,-125,-111,-135,-125,-122,-162,-154,-128,-13,1328,1288
2009,52,54,71,39,68,62,50,40,7,1320,1345
2009,5,-7,-3,-1,-17,-25,-1,7,-3,1400,1278
2009,9,17,23,7,34,9,9,6,1,1401,1140
2009,-43,-37,-59,-17,-46,-54,-63,-51,-5,1417,1433
2009,72,81,96,60,90,94,79,81,11,1110,1437
2009,-53,-57,-66,-21,-76,-66,-62,-50,-7,1228,1443
2009,-47,-43,-52,-49,-44,-13,-61,-43,-9,1449,1280
2009,19,21,17,53,14,-5,10,31,7,1112,1428
2009,-17,-10,-32,1,-35,-36,-42,-26,-5,1113,1396
2009,49,46,55,36,47,58,50,53,9,1156,1448
2009,-15,-38,-50,-6,-75,-78,-21,-8,-5,1452,1173
2009,-58,-54,-64,-76,-60,-76,-49,-75,-11,1242,1295
2009,167,158,182,137,163,169,171,181,15,1287,1257
2009,-2,-16,-19,12,-36,-75,-7,-1,-5,1266,1429
2009,116,116,130,103,109,111,123,111,13,1352,1277
2009,116,106,108,105,90,86,112,114,11,1165,1281
2009,-18,-5,-6,-6,1,7,-8,-7,-1,1329,1397
2009,-120,-98,-131,-114,-107,-130,-130,-127,-15,1338,1190
2009,17,6,33,-14,29,27,19,8,1,1373,1326
2009,73,68,82,62,78,131,78,82,11,1372,1393
2009,-6,14,13,22,32,24,8,4,-3,1130,1425
2009,-26,-13,-4,-30,5,-2,-31,-28,-7,1199,1458
2009,80,109,78,96,93,139,83,94,9,1340,1462
2009,36,40,43,28,49,37,33,31,8,1401,1163
2009,-31,-25,-25,-40,-21,-24,-28,-35,-5,1181,1400
2009,57,68,79,17,94,84,69,47,8,1443,1211
2009,-40,-39,-38,-48,-53,-37,-40,-40,-8,1272,1268
2009,30,35,39,34,44,35,22,28,7,1261,1314
2009,-24,-38,-26,-39,-32,-27,-33,-37,-8,1328,1276
2009,-9,-2,-7,6,-2,1,9,2,1,1345,1449
2009,17,4,1,20,-10,-3,8,9,3,1417,1437
2009,6,5,24,-10,29,39,19,13,1,1156,1112
2009,20,41,49,16,72,75,25,23,8,1173,1242
2009,-33,-28,-53,-14,-61,-61,-39,-28,-8,1257,1373
2009,41,31,27,32,14,6,28,33,8,1425,1277
2009,-12,-13,-12,-25,-10,-3,-9,-17,-3,1281,1266
2009,27,24,28,17,27,24,29,31,7,1329,1338
2009,-15,-9,-7,-19,3,-7,-5,-12,-3,1393,1113
2009,22,16,7,28,6,-1,26,24,8,1458,1462
2009,14,14,8,12,11,12,22,12,4,1345,1163
2009,-6,-7,-4,-3,-9,-9,-8,-4,-1,1272,1281
2009,16,16,22,15,18,22,20,18,3,1462,1338
2009,5,8,12,12,12,7,5,6,1,1437,1181
2009,-47,-44,-38,-58,-35,-37,-36,-48,-11,1257,1112
2009,9,5,8,5,-2,-7,8,4,1,1242,1277
2009,10,9,7,23,3,7,12,18,3,1211,1314
2009,-4,-6,-4,-7,2,13,-1,-4,-1,1328,1393
2009,10,9,7,2,7,7,9,6,2,1281,1163
2009,-7,-10,-14,-11,-13,-9,-8,-8,-2,1338,1437
2009,1,1,2,2,9,17,1,2,1,1277,1257
2009,-5,-7,-8,-2,-15,-18,-7,-6,-1,1314,1328
2009,6,5,4,-2,10,13,4,3,1,1277,1163
2009,-6,-12,-15,-10,-17,-11,-9,-7,-2,1314,1437
2009,4,6,6,3,11,16,6,5,1,1277,1314
2010,49,28,29,23,26,70,29,37,0,1115,1457
2010,78,65,98,61,90,101,85,76,11,1358,1124
2010,19,22,11,26,8,14,23,20,7,1431,1139
2010,-39,-43,-39,-33,-42,-26,-42,-37,-3,1140,1196
2010,186,170,203,151,178,148,186,165,15,1250,1242
2010,103,127,148,98,160,149,114,104,13,1317,1243
2010,-149,-148,-152,-119,-136,-180,-161,-159,-15,1246,1190
2010,-20,-19,-34,-31,-21,-46,-24,-40,-9,1435,1293
2010,90,81,79,87,58,76,97,91,11,1285,1307
2010,21,24,13,31,5,2,17,18,-1,1424,1320
2010,105,82,101,88,89,94,110,94,11,1325,1207
2010,-1,3,-4,22,5,-26,1,-6,-5,1323,1330
2010,5,3,-11,10,-5,-4,1,2,3,1388,1350
2010,12,10,19,4,5,21,23,16,5,1361,1397
2010,-153,-156,-181,-118,-173,-142,-149,-138,-13,1437,1352
2010,23,26,32,10,33,28,18,22,1,1448,1400
2010,21,18,18,-9,1,-20,10,-6,5,1449,1266
2010,3,16,8,17,25,18,14,8,1,1257,1143
2010,-14,-39,-36,-38,-48,-35,-24,-42,-7,1396,1165
2010,-217,-208,-237,-180,-237,-267,-231,-210,-15,1181,1115
2010,14,-4,-4,1,-17,-6,2,12,3,1210,1329
2010,-9,6,9,-6,37,35,4,-10,-1,1211,1199
2010,-99,-92,-85,-86,-75,-64,-83,-96,-9,1268,1222
2010,34,52,73,23,91,81,54,49,7,1308,1277
2010,5,-3,7,-10,-5,-6,-5,-3,-3,1155,1281
2010,80,99,114,72,148,153,104,79,13,1364,1326
2010,42,53,83,37,111,97,53,58,11,1324,1338
2010,24,27,43,15,45,48,39,35,9,1373,1345
2010,-109,-109,-142,-113,-124,-109,-125,-125,-15,1393,1436
2010,27,10,23,17,-3,7,40,21,7,1429,1401
2010,101,105,139,99,141,172,114,113,13,1288,1452
2010,40,47,68,48,84,93,58,45,9,1459,1458
2010,42,35,28,43,3,-10,18,41,5,1278,1462
2010,27,20,35,18,21,36,33,27,8,1330,1124
2010,-31,-31,-39,-45,-31,-51,-36,-48,-8,1139,1293
2010,-3,-5,-3,-17,2,-6,-7,-11,-5,1243,1140
2010,-44,-47,-41,-37,-44,-54,-37,-44,-8,1246,1448
2010,-18,-20,-30,-16,-30,-40,-24,-14,-8,1242,1320
2010,-18,-23,-23,-24,-28,-33,-21,-17,-8,1437,1388
2010,-102,-69,-93,-81,-65,-74,-109,-90,-8,1397,1325
2010,45,24,19,31,-18,-47,30,22,8,1449,1307
2010,-8,30,38,25,63,65,19,27,8,1165,1458
2010,40,21,27,17,13,13,33,24,7,1143,1181
2010,5,14,10,4,14,8,1,3,1,1277,1268
2010,29,30,20,11,23,28,26,29,8,1210,1326
2010,-5,-9,-7,3,-10,-2,-9,-11,-1,1345,1401
2010,23,37,32,31,51,54,23,25,7,1211,1393
2010,32,29,16,40,13,19,33,38,8,1281,1452
2010,5,-2,-2,4,-8,3,6,7,3,1462,1338
2010,-10,-11,-19,-7,-21,-18,-8,-8,-4,1393,1139
2010,-13,-9,-12,-13,-13,-15,-21,-15,-4,1243,1462
2010,-18,-44,-48,-44,-60,-66,-35,-47,-11,1246,1165
2010,-48,-38,-37,-37,-21,-3,-36,-26,-9,1452,1449
2010,15,16,22,26,31,38,20,14,7,1388,1124
2010,5,9,8,13,12,15,3,4,3,1345,1181
2010,-11,-7,6,-11,8,23,5,-11,4,1320,1277
2010,-1,12,7,-8,31,24,9,-2,4,1397,1326
2010,-5,-8,-16,-6,-17,-16,-5,-5,-3,1243,1139
2010,-2,-2,-1,-2,-2,-5,-3,-2,-1,1246,1452
2010,7,11,6,6,11,9,7,8,2,1124,1181
2010,-13,-6,-6,-14,11,9,-3,-10,1,1397,1277
2010,-17,-13,-3,-16,2,6,-8,-15,0,1139,1277
2010,-1,3,3,1,7,7,2,-1,1,1452,1181
2010,8,13,20,9,25,22,9,6,4,1139,1181
2011,12,-13,-11,26,-32,-46,-7,14,0,1155,1412
2011,48,83,52,41,67,45,12,25,0,1114,1421
2011,77,67,89,63,76,68,107,62,0,1106,1427
2011,-30,-4,15,-18,40,36,10,-16,0,1433,1425
2011,26,14,7,13,2,-4,31,23,-1,1139,1330
2011,-91,-84,-91,-104,-73,-61,-102,-101,-11,1140,1459
2011,-15,-24,-11,-1,-11,-10,-12,-14,-5,1153,1281
2011,60,55,74,65,73,95,75,75,11,1137,1163
2011,164,136,126,149,106,119,122,157,13,1364,1196
2011,-22,-12,-18,-30,8,-2,-19,-29,-5,1385,1211
2011,-16,-14,-4,-8,-13,13,-10,-11,7,1429,1243
2011,17,38,64,33,80,111,43,34,9,1343,1246
2011,76,73,95,60,83,97,81,88,9,1287,1257
2011,-140,-123,-150,-137,-138,-147,-169,-155,-15,1338,1421
2011,-7,-5,6,14,14,7,4,2,7,1350,1435
2011,-118,-102,-121,-96,-116,-139,-117,-127,-13,1361,1294
2011,-18,-12,-13,-9,-1,18,-14,-12,-3,1396,1336
2011,10,2,10,-1,12,20,8,-11,-3,1417,1277
2011,31,19,23,36,3,3,23,28,7,1155,1452
2011,12,7,23,35,9,30,21,26,9,1125,1458
2011,14,44,45,9,60,58,31,15,7,1272,1112
2011,117,147,175,149,209,219,163,125,15,1214,1181
2011,-19,-3,-11,-26,3,-1,-20,-16,-3,1401,1199
2011,10,10,-7,14,2,-5,-7,6,1,1437,1206
2011,21,10,7,23,-2,-12,13,20,1,1228,1424
2011,-136,-133,-164,-128,-166,-149,-162,-136,-15,1242,1131
2011,-6,-7,6,-42,4,-11,-15,-36,-5,1462,1266
2011,17,8,13,-18,15,33,20,6,1,1397,1276
2011,48,51,83,69,107,131,66,56,13,1254,1314
2011,-107,-105,-119,-98,-113,-103,-118,-98,-13,1323,1103
2011,197,203,218,192,218,221,192,202,15,1427,1326
2011,-92,-90,-119,-80,-102,-92,-108,-105,-11,1345,1389
2011,-99,-90,-102,-66,-98,-89,-92,-90,-11,1393,1232
2011,-44,-32,-49,-42,-65,-67,-39,-65,-9,1400,1324
2011,-38,-36,-61,-36,-53,-38,-53,-43,-5,1207,1433
2011,-7,-29,-26,-15,-42,-41,-19,-9,-3,1449,1208
2011,39,34,41,23,49,44,52,36,7,1139,1338
2011,44,33,35,51,14,9,38,48,8,1211,1140
2011,-11,-4,-3,-22,-6,-5,-10,-10,-3,1163,1153
2011,36,33,29,36,34,34,21,26,5,1417,1196
2011,-4,-8,-7,-14,-14,-12,-5,-9,-1,1246,1452
2011,-64,-60,-72,-36,-49,-68,-64,-73,-1,1350,1287
2011,-23,-25,-28,-27,-32,-34,-22,-24,-5,1361,1396
2011,-13,-19,-14,-7,-20,-9,-11,-14,-1,1458,1243
2011,13,12,15,8,21,25,4,7,1,1112,1400
2011,34,42,35,48,38,23,33,36,7,1276,1181
2011,-43,-33,-36,-46,-32,-30,-37,-38,-8,1323,1199
2011,39,33,25,47,17,17,34,43,8,1228,1242
2011,28,21,19,46,22,29,31,49,8,1266,1393
2011,-31,-20,-11,-26,-1,-3,-20,-25,-5,1314,1449
2011,22,20,30,22,25,45,39,24,7,1206,1326
2011,44,47,68,37,76,70,64,46,8,1433,1345
2011,-19,-20,-19,-15,-23,-31,-11,-15,-4,1181,1112
2011,-31,-23,-35,-17,-45,-35,-45,-24,-4,1458,1139
2011,6,8,10,11,11,3,7,8,1,1163,1361
2011,10,9,12,3,6,-1,10,4,-1,1196,1140
2011,-26,-25,-34,-40,-43,-35,-33,-29,-11,1242,1350
2011,-17,-9,-11,-5,-6,-5,-15,-12,-3,1326,1246
2011,-24,-24,-14,-58,-19,-22,-34,-50,-9,1314,1266
2011,5,16,33,-6,42,43,30,14,1,1433,1199
2011,-32,-22,-28,-25,-35,-32,-41,-31,-6,1196,1139
2011,-16,-10,-8,-5,-8,-19,-5,-8,-2,1163,1112
2011,-5,-1,3,-1,7,6,-7,-6,-2,1314,1246
2011,51,53,75,48,81,77,70,58,10,1433,1242
2011,8,17,31,16,30,32,14,18,3,1433,1139
2011,-10,3,2,7,10,8,-6,-3,-1,1163,1246
2011,-38,-25,-32,-19,-37,-34,-48,-30,-5,1163,1139
2012,-13,-1,-13,5,-12,-14,-8,-15,0,1140,1233
2012,-36,36,31,-45,65,101,-15,-17,0,1290,1443
2012,12,18,39,15,39,9,21,18,0,1378,1143
2012,24,35,32,27,15,1,17,20,0,1436,1249
2012,-46,-55,-47,-35,-43,-49,-60,-54,-11,1124,1355
2012,-49,-47,-56,-44,-42,-31,-37,-37,-5,1424,1160
2012,-41,-9,-8,-32,-10,-8,-28,-23,-3,1211,1452
2012,66,53,54,42,52,55,63,53,9,1308,1231
2012,-12,-8,-5,1,-8,5,-18,-9,-1,1235,1163
2012,3,43,35,-27,52,72,9,-6,1,1379,1243
2012,-187,-185,-201,-187,-190,-180,-188,-178,-15,1246,1443
2012,-45,-39,-53,-50,-48,-63,-45,-56,-9,1257,1172
2012,28,35,24,36,30,33,40,35,11,1140,1266
2012,-50,-31,-36,-7,-27,4,-55,-35,-5,1293,1161
2012,17,24,25,7,23,41,21,43,7,1253,1307
2012,76,125,131,71,126,131,79,81,13,1259,1326
2012,120,102,120,103,113,87,108,114,15,1421,1393
2012,-16,-33,-40,-26,-37,-45,-18,-24,-7,1455,1433
2012,-2,32,23,16,23,62,9,12,7,1217,1435
2012,66,89,89,51,88,91,70,60,9,1285,1458
2012,16,2,-7,8,-3,22,6,16,5,1400,1153
2012,-27,-4,-4,-12,5,-1,-24,-21,-1,1166,1104
2012,6,10,9,23,7,12,10,12,3,1438,1196
2012,-53,-40,-40,-61,-30,-36,-54,-60,-11,1199,1382
2012,-27,-18,-19,-43,-11,-18,-26,-47,-11,1207,1125
2012,105,110,115,119,111,74,118,112,13,1178,1242
2012,62,78,81,86,66,99,75,93,13,1250,1181
2012,89,141,156,77,161,139,95,98,15,1254,1277
2012,-30,4,1,-23,11,26,-26,-17,-5,1361,1301
2012,-124,-180,-175,-118,-207,-229,-123,-110,-13,1281,1313
2012,-140,-133,-141,-131,-113,-132,-143,-146,-15,1314,1436
2012,30,38,49,33,46,58,40,37,9,1325,1276
2012,19,-7,-7,19,-20,-25,9,10,3,1345,1388
2012,32,22,34,32,32,5,40,37,7,1378,1396
2012,-26,-12,-6,-15,-6,-21,-6,-8,-1,1272,1387
2012,21,14,13,2,17,31,16,13,3,1462,1323
2012,-66,-68,-68,-54,-61,-50,-54,-55,-8,1124,1160
2012,-21,-35,-41,-21,-36,-46,-21,-18,-8,1231,1433
2012,-32,-26,-31,-31,-28,-30,-30,-29,-7,1246,1235
2012,4,3,-2,13,-7,4,4,11,1,1307,1257
2012,8,-28,-25,-13,-31,-63,2,-4,-3,1266,1293
2012,17,26,28,18,30,23,21,16,5,1211,1326
2012,29,17,17,47,14,17,27,35,7,1243,1393
2012,-11,-3,-12,4,-10,1,-9,-2,-1,1458,1435
2012,11,11,13,31,10,6,16,17,3,1153,1199
2012,-98,-171,-165,-98,-195,-214,-99,-91,-8,1196,1313
2012,31,25,24,41,20,11,28,33,8,1345,1242
2012,42,20,16,28,12,24,25,23,8,1387,1277
2012,-32,-23,-31,-34,-31,-4,-30,-24,-8,1207,1301
2012,-9,-17,-19,-20,-30,-31,-12,-10,-7,1314,1166
2012,-17,11,2,-6,5,31,-10,-6,1,1325,1378
2012,14,34,37,50,25,53,31,47,5,1250,1462
2012,-17,-2,-2,-21,-1,-6,-14,-16,-4,1266,1196
2012,10,14,15,11,17,11,12,7,3,1257,1277
2012,22,28,32,35,29,20,28,24,4,1153,1326
2012,-13,-7,-3,-22,2,-6,-12,-18,-3,1393,1458
2012,47,40,43,33,44,42,43,41,7,1462,1124
2012,-46,-35,-41,-43,-39,-23,-42,-36,-9,1242,1301
2012,10,7,8,15,10,6,11,15,3,1231,1246
2012,-38,-58,-66,-42,-66,-74,-46,-50,-12,1314,1325
2012,-12,1,1,-16,1,-9,-10,-14,-3,1257,1196
2012,6,-3,-3,6,-6,-5,5,7,1,1326,1393
2012,1,2,-2,2,-1,4,2,3,1,1242,1314
2012,9,12,11,6,13,15,8,7,2,1124,1246
2012,2,-4,-2,1,-2,-7,1,2,0,1326,1242
2012,-16,-16,-17,-12,-19,-10,-16,-10,-3,1246,1257
2012,5,5,3,4,3,5,5,4,1,1242,1246
2013,80,41,18,74,25,3,57,71,0,1251,1299
2013,3,12,19,-1,10,30,13,5,0,1292,1388
2013,12,1,6,3,-6,21,-25,6,0,1241,1254
2013,1,3,-1,2,8,-11,8,3,0,1247,1129
2013,-18,-24,-27,-3,-27,-19,-30,-32,-5,1112,1125
2013,29,19,28,29,10,38,20,32,5,1137,1139
2013,-30,-27,-17,-30,-22,-26,-16,-26,-7,1424,1143
2013,25,-5,-20,15,-6,-23,8,22,1,1281,1161
2013,183,175,208,174,166,266,182,179,15,1380,1211
2013,89,91,88,90,91,70,82,100,11,1217,1307
2013,-217,-222,-241,-210,-224,-233,-219,-219,-15,1257,1299
2013,47,47,42,48,34,19,54,57,11,1172,1266
2013,16,6,7,17,-17,-1,12,18,5,1388,1272
2013,65,102,82,42,91,85,82,74,9,1355,1276
2013,-43,-54,-57,-49,-56,-59,-51,-46,-11,1277,1434
2013,11,19,29,20,23,27,7,6,7,1332,1329
2013,53,59,64,39,64,73,48,52,9,1308,1387
2013,71,126,120,60,132,137,64,75,9,1285,1393
2013,25,36,36,18,33,44,15,23,7,1103,1433
2013,15,17,32,-6,26,23,9,6,1,1455,1338
2013,-14,-21,-14,-25,-25,-14,-17,-18,-3,1166,1153
2013,104,139,160,131,141,154,114,118,13,1107,1181
2013,-106,-113,-117,-82,-114,-99,-111,-106,-13,1207,1195
2013,-68,-124,-135,-71,-132,-173,-89,-89,-11,1196,1322
2013,17,-2,8,-2,8,29,14,4,3,1160,1228
2013,177,181,167,174,176,153,164,172,15,1241,1231
2013,-24,-9,-9,-10,-6,-17,-25,-23,-3,1323,1235
2013,162,163,178,145,175,176,160,142,15,1443,1242
2013,31,28,37,27,27,19,44,31,9,1247,1243
2013,-94,-105,-116,-93,-107,-146,-85,-97,-13,1274,1334
2013,9,-11,-11,8,-21,-26,10,16,5,1278,1417
2013,-22,-20,-16,-16,-25,-20,-18,-8,-7,1458,1279
2013,-25,-30,-21,-35,-17,-14,-27,-29,-1,1314,1437
2013,-98,-83,-93,-87,-91,-87,-110,-111,-13,1326,1233
2013,-18,-14,-11,-9,-25,-2,-10,-13,-3,1361,1328
2013,-1,31,30,8,33,28,13,8,1,1396,1301
2013,-73,-92,-82,-77,-89,-54,-70,-90,-8,1112,1217
2013,-19,-28,-35,-18,-22,-39,-26,-19,-7,1257,1161
2013,-1,21,23,9,27,18,4,2,3,1139,1266
2013,16,11,15,4,10,3,21,15,1,1433,1276
2013,-2,-16,-19,-3,-29,-14,-5,-3,-3,1277,1272
2013,18,21,32,31,27,48,10,16,8,1332,1387
2013,-41,-45,-43,-39,-45,-50,-37,-31,-8,1393,1143
2013,-37,-26,-36,-31,-29,-31,-32,-29,-8,1211,1455
2013,21,11,14,24,9,13,19,21,5,1166,1181
2013,81,89,94,63,100,63,78,82,8,1195,1361
2013,21,20,27,27,22,24,22,20,8,1278,1196
2013,-29,-56,-53,-33,-65,-50,-41,-33,-8,1231,1396
2013,-25,-16,-15,-12,-20,-13,-19,-21,-7,1242,1314
2013,-2,-20,-29,2,-23,-17,-21,-11,-1,1279,1247
2013,-25,-34,-30,-36,-28,-19,-17,-32,-5,1274,1228
2013,40,30,28,35,32,33,39,41,8,1235,1326
2013,-8,-12,-8,-9,-11,-11,-5,-12,-1,1274,1266
2013,-11,-9,-18,-5,-14,-39,-13,-3,-4,1326,1112
2013,-8,-10,-11,-6,-10,-13,-10,-9,-3,1231,1393
2013,-6,-22,-15,-9,-24,-11,-22,-14,-4,1455,1247
2013,-5,-6,-1,-8,-4,-1,-5,-8,-1,1181,1277
2013,95,121,123,86,125,104,105,100,12,1195,1196
2013,-31,-38,-46,-44,-41,-57,-28,-27,-11,1257,1332
2013,7,2,7,15,3,8,3,8,3,1276,1242
2013,3,9,9,-1,12,10,3,2,-1,1266,1393
2013,-30,-24,-37,-27,-28,-32,-28,-26,-7,1326,1455
2013,3,3,6,-2,4,6,1,-1,1,1181,1257
2013,-7,5,8,13,10,7,-5,-3,1,1276,1196
2013,-36,-30,-41,-34,-31,-34,-31,-31,-8,1257,1455
2013,-3,-4,-2,6,-2,-2,-4,-4,0,1276,1393
2013,-9,-7,-10,-17,-9,-12,-8,-9,-3,1257,1276
2014,2,23,30,4,11,29,36,9,0,1291,1107
2014,12,28,19,8,-2,-12,12,14,0,1301,1462
2014,-19,-64,-79,-31,-84,-62,-58,-9,0,1142,1411
2014,-3,-1,-8,14,16,7,-12,4,0,1234,1397
2014,-16,-22,-32,-10,-23,-19,-21,-8,-3,1163,1386
2014,14,35,44,19,31,42,37,19,5,1173,1326
2014,-199,-193,-182,-184,-174,-155,-186,-210,-15,1196,1107
2014,20,11,7,25,9,12,21,28,7,1217,1153
2014,54,73,72,41,64,82,56,49,9,1264,1257
2014,-170,-175,-182,-142,-166,-158,-185,-168,-13,1276,1459
2014,56,88,98,47,93,114,64,68,9,1174,1277
2014,22,37,39,9,24,31,38,37,7,1295,1328
2014,-17,-27,-12,-3,-15,-16,-22,-18,-3,1332,1140
2014,-4,-30,-35,5,-47,-54,-8,-1,1,1338,1160
2014,73,52,57,56,51,72,77,77,9,1308,1361
2014,-42,-31,-31,-28,-20,11,-24,-35,-7,1387,1301
2014,64,93,104,50,99,95,79,64,11,1444,1393
2014,16,-2,-2,8,10,4,16,9,3,1113,1400
2014,123,149,161,126,161,166,123,126,13,1454,1437
2014,130,118,108,112,84,115,132,143,13,1110,1458
2014,167,166,170,147,170,173,166,161,15,1451,1112
2014,-25,-23,-25,-18,-15,-4,-18,-23,-5,1124,1304
2014,-106,-107,-108,-80,-106,-115,-95,-96,-11,1166,1418
2014,-15,5,5,-25,-3,1,-15,-17,-1,1211,1329
2014,-65,-82,-70,-92,-51,-72,-76,-92,-11,1235,1300
2014,99,125,137,94,116,133,113,109,13,1184,1242
2014,14,33,22,34,26,27,24,20,1,1243,1246
2014,8,-3,-5,8,-1,-18,-6,2,-1,1272,1203
2014,75,89,82,72,89,86,86,79,11,1273,1181
2014,-10,-18,-18,-15,-23,-14,-8,-7,-5,1314,1344
2014,1,51,59,39,43,96,11,25,7,1372,1433
2014,-22,-1,-2,-29,-8,-13,-18,-21,-3,1307,1390
2014,28,-15,-22,19,-39,-49,20,23,5,1397,1269
2014,69,71,56,59,47,56,84,67,9,1409,1417
2014,-199,-203,-219,-188,-218,-197,-202,-179,-15,1438,1157
2014,219,176,163,204,161,200,194,227,15,1142,1455
2014,16,24,20,17,19,10,14,22,5,1163,1437
2014,-39,-36,-39,-27,-37,-35,-47,-32,-8,1393,1173
2014,29,14,17,38,13,16,22,30,8,1338,1196
2014,-7,-33,-34,-8,-32,-48,-17,-7,-1,1257,1387
2014,16,23,29,25,22,48,16,17,5,1400,1276
2014,-18,-29,-27,-28,-23,-32,-25,-35,-8,1277,1217
2014,39,41,43,20,32,30,49,44,8,1295,1361
2014,19,14,21,22,17,23,22,20,5,1332,1458
2014,-21,-19,-20,-18,-18,-20,-19,-18,-7,1112,1211
2014,-15,-24,-18,-20,-22,-17,-10,-18,-3,1166,1124
2014,-19,-13,-14,-18,-2,1,-22,-23,-3,1235,1314
2014,-32,-5,-6,-13,-12,-14,-23,-19,-7,1455,1246
2014,-33,-28,-27,-38,-28,-28,-26,-33,-8,1242,1390
2014,-37,-72,-64,-39,-84,-79,-47,-45,-3,1397,1273
2014,5,60,67,38,37,102,26,34,8,1372,1417
2014,-30,-36,-36,-29,-36,-36,-22,-26,-7,1438,1272
2014,3,21,21,13,20,26,7,9,3,1361,1112
2014,3,22,25,2,15,15,18,2,1,1173,1390
2014,-15,-9,-12,-13,-15,-9,-16,-14,-3,1196,1417
2014,14,21,20,24,18,18,19,21,4,1124,1458
2014,11,15,11,15,3,-4,13,20,4,1163,1235
2014,-22,-14,-16,2,-15,-25,-12,-6,-4,1257,1246
2014,-43,-12,-15,-31,4,-8,-45,-35,-9,1276,1397
2014,-9,-3,-3,-10,-6,-2,-5,-3,-3,1438,1277
2014,42,51,55,42,48,54,55,39,10,1173,1196
2014,10,8,8,4,12,5,4,5,1,1458,1112
2014,4,19,16,4,16,11,7,14,3,1163,1277
2014,-23,-3,-8,-6,-2,-19,-17,-9,-6,1276,1246
2014,-18,-26,-21,-21,-23,-14,-17,-25,-6,1196,1163
2014,20,7,9,11,4,17,18,15,6,1246,1458
2014,-13,13,6,5,9,-10,-7,4,-1,1163,1246
2015,87,94,107,83,104,141,113,99,0,1214,1264
2015,20,14,15,24,13,22,19,17,0,1279,1140
2015,3,13,-3,8,-1,-14,8,20,0,1129,1173
2015,-26,-39,-40,-9,-46,-24,-54,-3,0,1316,1352
2015,-125,-201,-200,-113,-205,-265,-143,-147,-13,1112,1411
2015,-24,-68,-67,-27,-61,-94,-35,-44,-7,1116,1459
2015,-10,-2,-1,-11,3,5,-10,-11,-5,1139,1400
2015,6,9,17,-18,-15,18,17,-3,-1,1153,1345
2015,-45,-112,-101,-49,-114,-158,-73,-73,-9,1207,1186
2015,58,66,64,43,56,73,78,79,11,1209,1124
2015,-251,-248,-265,-250,-249,-239,-266,-256,-15,1246,1214
2015,5,4,11,18,5,25,4,-1,1,1261,1301
2015,-52,-72,-76,-41,-62,-70,-56,-49,-9,1314,1217
2015,89,108,115,70,110,131,91,88,11,1318,1323
2015,11,-13,-14,25,-9,-25,2,13,3,1326,1433
2015,-136,-136,-133,-120,-108,-118,-137,-129,-11,1235,1412
2015,31,10,18,36,22,4,22,35,5,1417,1374
2015,-4,-43,-29,-14,-27,-60,-19,-19,-7,1428,1372
2015,-136,-162,-170,-120,-190,-188,-159,-128,-15,1437,1248
2015,26,21,25,30,18,18,20,21,5,1279,1462
2015,13,17,20,10,12,41,13,4,5,1173,1344
2015,-169,-171,-178,-165,-166,-160,-192,-159,-15,1181,1352
2015,-101,-157,-147,-84,-145,-150,-114,-106,-13,1211,1295
2015,5,-4,-6,8,-8,-20,-2,5,-3,1234,1172
2015,-109,-106,-96,-100,-77,-96,-123,-119,-13,1242,1308
2015,-90,-88,-82,-67,-76,-90,-98,-92,-9,1257,1414
2015,32,45,40,37,30,55,38,36,9,1434,1268
2015,13,19,21,15,19,25,9,9,3,1208,1277
2015,-47,-78,-76,-57,-90,-66,-54,-54,-7,1320,1461
2015,77,119,117,81,123,133,86,82,11,1107,1328
2015,-16,4,10,-22,9,-13,-12,-20,-1,1332,1329
2015,-2,-1,-3,-18,-15,-13,7,1,-1,1361,1385
2015,112,130,147,98,145,125,127,116,13,1125,1438
2015,30,38,40,4,29,42,40,35,7,1138,1452
2015,39,25,22,44,39,17,30,36,3,1231,1455
2015,119,131,143,126,145,161,143,141,15,1157,1458
2015,-26,-15,-13,-35,-19,-15,-20,-28,-8,1112,1326
2015,51,49,49,36,33,49,58,42,7,1153,1246
2015,-38,-29,-26,-37,-33,-18,-38,-38,-7,1437,1301
2015,3,14,16,9,13,17,6,4,1,1116,1314
2015,-19,-9,-12,-15,-13,-17,-14,-18,-3,1323,1139
2015,-98,-106,-97,-81,-80,-102,-103,-88,-3,1417,1412
2015,-6,-8,-11,-6,-14,-16,-1,1,1,1428,1207
2015,39,56,52,23,45,59,58,58,8,1209,1462
2015,-26,-34,-30,-20,-20,-35,-32,-25,-7,1181,1361
2015,28,18,17,35,18,8,23,28,5,1234,1211
2015,3,-13,-7,7,6,-18,2,2,-1,1257,1320
2015,22,10,13,16,13,8,21,22,5,1277,1438
2015,-19,-30,-35,-14,-31,-50,-24,-9,-8,1328,1173
2015,10,-8,-8,11,-8,-1,8,9,1,1452,1268
2015,-5,-13,-8,-14,-3,-4,-7,-10,-5,1242,1455
2015,-23,-35,-42,-23,-43,-40,-22,-22,-7,1458,1332
2015,28,22,22,25,24,31,28,27,4,1462,1112
2015,20,18,18,23,24,27,17,19,4,1452,1246
2015,6,10,10,1,4,11,8,8,4,1455,1323
2015,10,6,7,7,13,4,9,11,3,1314,1458
2015,-16,-5,-7,-13,-1,-5,-15,-18,-4,1181,1428
2015,-44,-35,-40,-40,-35,-18,-39,-43,-9,1211,1417
2015,27,18,17,18,20,9,26,25,4,1301,1257
2015,-8,-3,-3,-5,-8,-2,-7,-7,-4,1328,1277
2015,7,10,7,15,9,6,7,8,2,1323,1246
2015,-2,1,-2,-1,1,2,-3,-3,-1,1458,1112
2015,-2,-2,-2,-2,1,-4,-1,-3,-1,1181,1211
2015,-12,-1,-1,-2,1,-1,-10,-11,-3,1257,1277
2015,-21,-11,-11,-17,-10,-9,-19,-21,-6,1181,1277
2015,4,2,1,3,2,1,3,2,0,1458,1246
2015,1,-2,-3,-2,-4,-2,-1,-2,0,1458,1181
2016,20,72,85,-9,89,48,49,42,0,1192,1195
2016,18,-2,-2,13,15,10,2,12,0,1435,1455
2016,55,57,26,62,42,-54,66,54,0,1221,1380
2016,-29,-13,-29,-1,-2,-28,-25,-16,0,1276,1409
2016,-9,-57,-62,-32,-37,-103,-25,-27,-7,1345,1114
2016,1,7,16,-20,2,24,-3,-2,-1,1403,1139
2016,9,-21,-21,6,-30,-23,-7,10,1,1163,1160
2016,-26,-63,-73,-25,-52,-85,-48,-28,-9,1181,1423
2016,-26,-2,7,-25,-2,7,-7,-24,-5,1371,1211
2016,-9,-81,-98,-26,-93,-114,-35,-28,-7,1231,1151
2016,81,84,76,55,54,52,78,76,9,1233,1235
2016,190,210,217,188,210,227,208,209,15,1122,1242
2016,53,85,88,48,84,100,73,72,9,1392,1246
2016,-99,-120,-120,-82,-117,-96,-119,-97,-11,1274,1138
2016,-199,-181,-178,-208,-170,-196,-192,-178,-15,1314,1195
2016,17,-3,-1,12,3,3,14,14,-1,1425,1344
2016,-58,-82,-74,-58,-76,-78,-62,-57,-11,1428,1201
2016,164,233,231,151,220,232,179,161,15,1214,1438
2016,35,10,13,22,-4,7,26,29,5,1455,1112
2016,-38,-30,-32,-18,-14,-28,-35,-49,-7,1124,1463
2016,19,50,42,64,40,63,26,30,9,1218,1143
2016,-20,-60,-66,-30,-66,-55,-21,-27,-3,1234,1396
2016,-34,-63,-66,-13,-57,-90,-60,-31,-7,1268,1355
2016,93,130,114,67,120,115,95,87,13,1292,1277
2016,64,57,42,43,47,29,61,60,5,1320,1400
2016,11,20,2,25,17,8,7,17,5,1276,1323
2016,-104,-103,-107,-112,-87,-119,-108,-114,-13,1328,1167
2016,245,274,253,246,259,218,260,257,15,1221,1332
2016,54,49,51,52,27,25,73,72,11,1372,1452
2016,-26,1,9,-24,6,6,-11,-33,-1,1386,1153
2016,39,-2,-7,50,-13,-16,16,43,3,1393,1173
2016,86,107,105,96,100,102,92,106,11,1453,1401
2016,-15,23,19,2,25,32,-11,2,-3,1333,1433
2016,134,112,134,134,111,130,136,140,13,1421,1437
2016,3,-1,2,-10,-13,-9,4,3,-3,1458,1338
2016,-115,-124,-121,-101,-117,-174,-107,-109,-13,1462,1451
2016,28,39,40,23,16,33,39,55,8,1463,1181
2016,28,4,-4,36,-1,5,16,29,8,1211,1428
2016,-5,-7,-3,-12,-7,-4,-5,-12,-1,1246,1231
2016,-13,-47,-50,-24,-29,-81,-16,-21,-8,1235,1114
2016,-40,-28,-27,-40,-24,-25,-32,-39,-8,1242,1163
2016,-37,-16,-12,-39,1,1,-39,-36,-8,1274,1455
2016,-15,-43,-41,-34,-42,-42,-27,-24,-8,1314,1344
2016,21,28,26,53,38,27,35,29,8,1139,1438
2016,22,52,49,65,38,65,37,28,8,1218,1268
2016,28,24,22,30,-6,1,52,51,8,1372,1323
2016,-47,-26,-32,-25,-27,-19,-49,-29,-8,1328,1433
2016,17,24,26,21,28,30,21,14,7,1386,1332
2016,31,92,76,7,82,83,48,34,5,1292,1393
2016,63,71,56,53,60,54,68,74,8,1320,1401
2016,35,16,14,25,15,19,20,29,5,1234,1437
2016,44,22,22,35,17,16,34,39,5,1458,1462
2016,17,19,19,14,22,19,14,22,4,1268,1242
2016,22,9,10,11,9,-1,11,6,1,1401,1328
2016,21,1,1,18,13,9,9,17,3,1181,1332
2016,9,6,8,5,8,9,5,7,1,1274,1437
2016,17,12,8,19,10,6,17,20,4,1231,1314
2016,-13,-3,-1,-10,7,5,-14,-12,-1,1323,1458
2016,29,12,18,27,13,11,23,22,-1,1393,1211
2016,-7,-15,-17,-19,-16,-24,-17,-19,-3,1438,1235
2016,2,6,8,-4,1,-3,3,-4,-1,1332,1328
2016,-1,-4,-4,-3,-4,-5,-4,-1,-1,1242,1437
2016,-27,-28,-32,-27,-35,-32,-26,-28,-5,1314,1323
2016,58,36,36,68,39,29,46,55,9,1393,1438
2016,60,37,37,66,37,30,48,57,9,1393,1314
2016,2,2,2,2,3,6,1,5,0,1328,1437
2016,-5,2,2,-1,1,4,3,-2,1,1437,1314
2017,-11,-6,1,-18,1,-3,4,-7,0,1448,1243
2017,57,18,8,-4,35,-52,15,36,0,1291,1309
2017,-21,-55,-21,36,-66,-4,21,9,0,1300,1413
2017,-14,-1,-3,-15,5,6,-8,-14,0,1425,1344
2017,136,135,158,142,153,135,145,144,13,1315,1112
2017,-48,-76,-88,-55,-86,-112,-72,-55,-9,1139,1457
2017,40,63,67,45,55,82,49,43,9,1190,1196
2017,-65,-84,-93,-71,-89,-85,-67,-73,-11,1199,1195
2017,178,189,179,147,186,168,175,180,15,1355,1211
2017,18,28,40,8,38,42,32,5,7,1305,1235
2017,8,22,27,15,15,29,14,19,7,1292,1278
2017,16,-5,4,-13,-5,-5,16,7,1,1435,1321
2017,-42,-44,-51,-24,-34,-48,-50,-45,-7,1323,1343
2017,-25,-55,-63,-27,-48,-58,-32,-33,-9,1345,1436
2017,-35,-18,-25,-5,-38,-24,-21,-12,-3,1388,1433
2017,196,206,214,149,211,164,197,189,15,1291,1437
2017,14,50,59,9,53,69,23,13,7,1423,1438
2017,-64,-68,-90,-39,-75,-65,-65,-58,-9,1452,1137
2017,5,17,30,12,21,20,6,5,1,1439,1458
2017,11,9,-10,3,-5,-15,5,14,5,1462,1268
2017,4,13,12,16,15,-6,1,15,1,1371,1116
2017,45,73,83,48,75,157,65,45,11,1308,1124
2017,-34,-16,-13,-45,-7,-12,-19,-36,-5,1153,1243
2017,136,124,153,141,118,152,138,147,13,1407,1181
2017,189,210,194,163,208,206,171,167,15,1413,1242
2017,-101,-135,-148,-83,-143,-155,-112,-102,-13,1246,1297
2017,-146,-178,-179,-144,-152,-217,-153,-171,-13,1257,1240
2017,11,3,1,15,3,10,1,15,3,1329,1276
2017,-17,-13,-8,-8,-11,-4,-19,-14,-1,1274,1277
2017,-128,-193,-201,-100,-204,-200,-152,-146,-15,1314,1411
2017,102,105,110,79,102,76,112,103,11,1233,1332
2017,26,14,21,5,10,4,27,21,5,1348,1166
2017,2,-4,-1,18,-3,-21,8,10,3,1266,1376
2017,132,119,123,126,123,122,112,115,11,1245,1417
2017,-21,-36,-36,-28,-50,-43,-30,-22,-5,1374,1425
2017,6,20,29,-2,28,36,18,6,-3,1173,1455
2017,-8,-8,-7,-15,6,-5,-18,-14,-5,1112,1388
2017,14,28,34,20,22,43,21,25,8,1292,1139
2017,6,3,-1,8,-2,-4,2,11,1,1438,1196
2017,35,37,38,43,38,44,31,34,7,1321,1211
2017,5,8,4,2,2,-2,-4,10,1,1235,1345
2017,3,-15,-18,1,-20,-12,1,1,-1,1452,1323
2017,-22,-20,-15,-35,-21,-17,-23,-27,-7,1437,1458
2017,24,28,12,23,21,12,19,24,8,1462,1199
2017,-19,-40,-41,-30,-48,-32,-33,-24,-8,1124,1425
2017,42,39,30,47,33,33,46,46,8,1277,1242
2017,-28,-12,-6,-28,-4,-10,-18,-22,-8,1246,1455
2017,-13,-18,-16,-18,-15,-11,-16,-19,-5,1257,1276
2017,-19,-28,-34,-23,-35,-35,-25,-20,-7,1314,1116
2017,40,26,35,22,21,7,40,36,8,1348,1332
2017,35,24,23,37,19,43,31,29,5,1376,1181
2017,-12,-7,-6,4,-4,-7,-7,-7,-3,1417,1153
2017,-19,-6,-3,-16,-4,-4,-11,-15,-3,1211,1452
2017,-13,-6,-6,-16,-5,-5,-17,-15,-3,1242,1345
2017,18,10,10,16,5,-9,14,22,4,1276,1332
2017,-35,-29,-14,-35,-20,-8,-31,-34,-9,1112,1462
2017,9,14,7,26,14,4,6,16,4,1458,1196
2017,2,-10,-10,-12,-14,-14,-5,-6,-1,1246,1417
2017,10,18,23,10,23,17,14,9,3,1139,1314
2017,30,21,17,32,18,29,29,26,4,1376,1124
2017,-37,-44,-31,-29,-39,-26,-33,-33,-10,1211,1462
2017,-3,-9,-7,-6,-6,-16,-10,-5,-2,1242,1332
2017,3,1,-2,1,-1,3,3,3,-1,1314,1246
2017,27,26,21,33,22,35,19,25,3,1376,1196
2017,41,31,30,35,30,46,34,32,6,1376,1211
2017,-1,10,10,4,13,19,5,1,2,1332,1314
2017,-8,-2,-2,3,-2,-2,-4,-1,0,1211,1314
