Season,WOLDiff,WLKDiff,SAGDiff,POMDiff,MORDiff,DOLDiff,COLDiff,Team1,Team2,SeedDiff
2003,26,3,6,-5,16,-19,-1,1411,1421,0
2003,175,151,156,141,183,154,142,1436,1112,15
2003,20,13,8,12,-1,27,19,1113,1272,3
2003,32,13,30,23,17,19,17,1141,1166,5
2003,-21,-18,-6,-8,12,-24,-28,1143,1301,-1
2003,2,1,-5,-3,-25,-10,7,1163,1140,-7
2003,-67,-87,-79,-79,-75,-82,-64,1181,1161,-11
2003,-2,-7,-3,6,15,-4,-6,1211,1153,1
2003,49,43,49,47,54,43,38,1443,1228,9
2003,-83,-85,-97,-105,-126,-78,-67,1242,1429,-13
2003,60,46,54,67,87,32,49,1221,1266,11
2003,-12,-20,-28,-33,-48,-11,-7,1281,1356,-5
2003,-30,-30,-27,-34,-16,-34,-26,1323,1454,-7
2003,205,197,223,221,232,184,177,1354,1328,15
2003,72,52,58,52,52,77,74,1360,1390,9
2003,-46,-33,-32,-22,-3,-64,-44,1173,1409,-9
2003,33,49,40,44,85,41,13,1451,1458,7
2003,-13,-31,-23,-27,-6,-21,-17,1386,1120,-3
2003,-7,-12,-19,-40,-66,-9,-4,1280,1139,-7
2003,-104,-91,-131,-128,-162,-85,-73,1196,1358,-13
2003,1,-1,-4,-13,-8,4,4,1104,1231,3
2003,-154,-143,-161,-132,-144,-138,-147,1246,1237,-15
2003,65,71,97,109,137,50,63,1122,1257,9
2003,-36,-14,-30,-28,-39,-21,-21,1268,1423,-5
2003,3,5,-3,3,14,-7,3,1160,1277,3
2003,-31,-23,-24,-14,-54,-7,-24,1329,1335,-5
2003,-165,-145,-171,-186,-187,-142,-118,1338,1447,-13
2003,3,9,7,17,26,10,-3,1345,1261,1
2003,57,34,57,48,67,52,43,1264,1393,11
2003,213,230,246,266,265,251,209,1421,1400,15
2003,8,12,-8,5,-39,-4,12,1332,1428,-1
2003,-121,-114,-124,-135,-129,-101,-112,1448,1190,-13
2003,-50,-42,-65,-52,-89,-42,-50,1462,1407,-11
2003,41,36,37,38,50,48,38,1211,1112,8
2003,11,-2,-6,-7,-8,3,13,1163,1390,1
2003,40,27,38,42,40,28,24,1141,1181,8
2003,27,30,28,28,20,37,31,1113,1242,8
2003,15,11,8,11,6,10,14,1281,1266,3
2003,4,10,6,17,31,5,7,1323,1228,1
2003,20,25,32,31,37,19,25,1143,1328,7
2003,-41,-37,-39,-37,-20,-55,-36,1458,1409,-8
2003,-36,-38,-34,-33,-24,-39,-36,1448,1120,-8
2003,19,23,29,37,60,12,23,1139,1257,8
2003,-24,-30,-37,-36,-65,-32,-19,1246,1428,-8
2003,-12,-12,-8,-2,10,-18,-21,1462,1268,-3
2003,27,24,29,19,9,37,28,1277,1196,5
2003,33,34,38,44,31,32,34,1231,1338,5
2003,-19,-9,-13,-14,-8,-22,-17,1393,1329,-3
2003,27,32,29,31,25,33,29,1345,1400,8
2003,16,18,15,19,32,15,20,1323,1112,4
2003,3,-1,-6,-4,-8,2,-4,1242,1181,-1
2003,-19,-17,-18,-15,-14,-23,-20,1246,1458,-4
2003,-5,-10,-11,-11,-15,-7,-5,1338,1266,-1
2003,10,8,15,6,7,13,5,1277,1268,1
2003,23,21,27,42,68,22,26,1139,1328,11
2003,-35,-33,-31,-30,-23,-38,-35,1393,1120,-7
2003,-25,-19,-18,-16,-5,-19,-26,1400,1163,-4
2003,-10,-2,-2,-1,2,-9,-5,1112,1242,-1
2003,-7,-12,-13,-12,-17,-9,-9,1246,1266,-2
2003,1,-6,-4,-6,-15,1,-6,1328,1393,-2
2003,-31,-28,-31,-18,-4,-38,-38,1400,1277,-6
2003,4,-9,-10,-9,-16,1,-3,1242,1266,-1
2003,-2,7,7,8,9,-2,5,1393,1400,2
2003,7,-10,-8,-11,-19,6,-2,1242,1393,-1
2004,83,81,65,58,43,94,80,1197,1250,0
2004,-4,-5,3,11,31,-26,-17,1356,1104,1
2004,127,120,143,154,158,108,105,1436,1163,13
2004,-4,-8,-9,-9,-12,3,5,1177,1173,-3
2004,260,252,262,277,269,271,239,1106,1181,15
2004,134,126,148,130,112,127,122,1434,1211,13
2004,-38,-25,-38,-38,-52,-29,-27,1196,1264,-7
2004,36,30,25,27,62,18,21,1431,1268,9
2004,-5,15,19,15,-11,17,10,1277,1305,-3
2004,33,32,30,36,50,22,28,1102,1314,5
2004,-6,4,2,-5,6,-4,-8,1371,1112,-1
2004,-188,-170,-194,-176,-182,-189,-160,1386,1251,-15
2004,210,199,227,204,206,204,179,1427,1390,15
2004,-26,-6,5,-4,-16,-10,-25,1393,1140,-7
2004,108,85,101,85,113,78,97,1343,1400,11
2004,3,-5,5,10,14,-4,-1,1150,1403,1
2004,-54,-37,-68,-69,-63,-42,-42,1448,1433,-9
2004,12,3,1,4,14,4,6,1428,1130,5
2004,48,36,59,52,80,31,37,1190,1153,9
2004,-66,-64,-76,-70,-71,-65,-54,1210,1320,-11
2004,-41,-34,-32,-44,-57,-36,-37,1228,1293,-7
2004,-61,-38,-57,-33,-49,-43,-52,1242,1227,-9
2004,285,272,283,272,253,271,260,1197,1246,15
2004,3,-3,5,-3,-3,-4,-9,1272,1376,-3
2004,156,145,172,181,207,148,118,1284,1280,13
2004,-78,-47,-59,-54,-59,-65,-60,1301,1418,-11
2004,143,109,122,120,119,120,134,1186,1329,13
2004,41,41,50,50,67,35,40,1334,1344,7
2004,-51,-57,-76,-95,-117,-51,-55,1338,1416,-11
2004,11,10,13,15,-2,8,12,1449,1412,-1
2004,-19,1,-7,-6,-1,9,-5,1435,1444,-5
2004,-39,-29,-29,-24,-42,-40,-42,1458,1350,-5
2004,-17,-7,-17,-3,-2,-3,-14,1257,1462,3
2004,30,32,27,22,20,43,35,1104,1390,7
2004,-30,-34,-40,-44,-41,-31,-29,1163,1177,-5
2004,32,35,33,27,31,37,26,1371,1181,7
2004,-43,-20,-22,-20,-14,-31,-27,1211,1305,-8
2004,-25,-33,-24,-24,-19,-30,-28,1386,1403,-7
2004,-3,-8,-18,-11,-7,-5,8,1268,1393,-1
2004,4,-3,-2,-6,-9,5,8,1314,1400,3
2004,43,29,46,43,55,40,29,1264,1448,8
2004,-15,-30,-30,-30,-18,-19,-14,1210,1130,-3
2004,4,5,4,4,3,-1,4,1228,1153,1
2004,-39,-43,-49,-46,-76,-37,-42,1242,1334,-8
2004,19,21,24,23,29,19,19,1272,1329,5
2004,13,3,6,11,-2,6,4,1458,1338,3
2004,-42,-36,-36,-32,-39,-45,-41,1246,1412,-8
2004,9,12,9,18,20,19,8,1435,1301,3
2004,40,21,28,19,13,30,36,1462,1280,5
2004,-14,-10,2,-7,-3,-22,-24,1393,1104,-3
2004,13,15,14,16,26,20,15,1435,1163,4
2004,1,-4,-5,6,-1,-2,-1,1329,1338,-1
2004,-9,-14,-9,-8,-3,-12,-14,1386,1448,-3
2004,17,14,17,18,15,12,12,1228,1181,4
2004,-42,-17,-17,-12,-26,-26,-23,1210,1305,-7
2004,20,19,17,11,27,30,24,1412,1242,5
2004,34,11,22,9,1,25,28,1462,1400,4
2004,-23,-27,-26,-26,-24,-35,-30,1163,1104,-6
2004,-3,-5,-3,-4,7,-5,-3,1386,1329,-1
2004,42,26,36,25,20,34,39,1462,1181,6
2004,14,12,15,15,4,11,6,1242,1210,1
2004,-5,-7,-6,-7,-2,-7,-7,1181,1163,-1
2004,3,2,3,1,5,3,6,1210,1329,1
2004,-2,1,-1,-2,-7,1,-3,1163,1210,-1
2005,-60,-55,-101,-95,-103,-86,-37,1324,1105,0
2005,-42,-27,-32,-11,-22,-53,-54,1112,1429,-11
2005,-79,-46,-51,-60,-66,-69,-77,1130,1335,-9
2005,9,6,3,2,4,2,9,1234,1153,3
2005,-56,-77,-85,-78,-109,-56,-63,1211,1457,-11
2005,-181,-181,-200,-192,-195,-182,-176,1228,1192,-15
2005,-110,-114,-136,-135,-160,-107,-122,1246,1184,-13
2005,-1,8,16,13,27,17,-11,1305,1400,1
2005,-123,-99,-117,-100,-103,-104,-110,1328,1310,-11
2005,17,2,2,-17,-46,11,5,1338,1334,1
2005,7,10,29,10,9,28,4,1417,1403,5
2005,15,22,18,23,26,26,23,1412,1261,5
2005,-24,-28,-28,-43,-24,-24,-12,1428,1431,-5
2005,126,127,139,160,165,134,128,1151,1448,13
2005,-166,-170,-177,-182,-170,-161,-157,1449,1285,-15
2005,14,2,7,2,16,18,6,1166,1452,3
2005,20,22,20,24,45,20,25,1454,1104,7
2005,-74,-90,-105,-98,-132,-79,-98,1242,1137,-11
2005,97,128,156,180,177,133,104,1416,1163,13
2005,-157,-169,-207,-196,-208,-182,-157,1181,1175,-15
2005,-40,-55,-61,-75,-98,-50,-45,1196,1325,-9
2005,27,11,20,21,13,23,20,1203,1210,7
2005,11,21,13,14,-7,11,19,1235,1278,1
2005,47,58,69,49,64,67,59,1418,1257,9
2005,-10,-33,-42,-66,-67,-21,-23,1277,1330,-7
2005,-1,-13,-17,3,-4,-15,-2,1280,1390,1
2005,11,-3,-18,-25,-42,-2,17,1301,1150,3
2005,-191,-190,-184,-171,-175,-192,-204,1314,1324,-15
2005,112,113,134,124,156,116,125,1368,1329,13
2005,7,26,24,34,-47,16,14,1388,1356,3
2005,-31,-13,-28,-59,-89,-27,-39,1393,1436,-9
2005,9,31,22,20,20,11,27,1307,1437,7
2005,29,31,23,30,61,34,27,1320,1458,5
2005,-44,-40,-36,-40,-39,-43,-41,1112,1412,-8
2005,35,42,40,46,60,45,26,1305,1228,8
2005,-16,-13,-15,-12,-10,-20,-12,1246,1153,-5
2005,-14,-17,-1,-20,-1,-10,-14,1211,1403,-3
2005,5,13,14,2,10,10,10,1428,1328,3
2005,-8,-18,-22,-29,-59,-11,-20,1449,1334,-7
2005,-25,-35,-34,-30,-25,-27,-28,1448,1452,-5
2005,-33,-20,-18,-21,-31,-25,-36,1130,1454,-8
2005,33,26,29,38,32,30,32,1280,1181,8
2005,-11,-13,-13,-14,-10,-15,-18,1257,1210,-1
2005,-27,-21,-32,-69,-97,-23,-34,1277,1436,-8
2005,29,17,15,18,6,18,35,1301,1163,8
2005,50,55,48,43,39,41,49,1235,1314,8
2005,14,18,25,22,42,19,13,1356,1329,5
2005,-1,-2,-3,3,-11,-2,3,1196,1437,-1
2005,-66,-77,-95,-90,-131,-68,-85,1458,1137,-8
2005,3,-5,-6,-8,3,-7,1,1329,1112,-1
2005,-39,-37,-35,-41,-53,-34,-44,1228,1454,-11
2005,11,3,2,-1,-2,3,8,1257,1449,3
2005,3,9,16,-1,-3,7,8,1452,1403,1
2005,11,17,16,6,13,16,14,1428,1246,4
2005,-12,-8,-8,-1,-8,-12,-13,1181,1277,-4
2005,-20,-15,-15,-6,-14,-20,-14,1314,1437,-4
2005,-27,-11,-9,-4,7,-17,-33,1458,1301,-4
2005,-5,-9,-11,-14,-6,-13,-6,1228,1112,-2
2005,-13,-30,-31,-26,-24,-21,-23,1257,1452,-3
2005,-9,-3,-3,9,4,-11,-8,1246,1277,-3
2005,-16,-18,-17,-18,-19,-17,-15,1314,1458,-5
2005,14,8,6,8,3,8,10,1257,1228,3
2005,-15,-9,-9,-2,-9,-14,-16,1314,1277,-4
2005,-1,-1,-1,-1,2,-1,-1,1228,1314,0
2006,-101,-93,-101,-67,-86,-137,-87,1284,1214,0
2006,22,26,26,49,16,26,22,1104,1266,3
2006,85,64,62,70,59,66,61,1334,1130,9
2006,-172,-159,-204,-174,-229,-185,-170,1181,1380,-15
2006,-51,-47,-85,-70,-68,-66,-46,1196,1375,-11
2006,27,13,26,9,29,32,27,1423,1203,1
2006,63,48,41,40,20,52,58,1462,1211,11
2006,43,50,49,38,49,33,39,1102,1228,9
2006,-39,-33,-37,-10,-18,-15,-13,1231,1361,-5
2006,34,34,49,48,68,40,41,1233,1261,9
2006,52,51,73,69,65,48,47,1285,1305,7
2006,-56,-63,-57,-76,-96,-78,-67,1397,1457,-13
2006,-18,-7,-13,19,11,-4,-13,1393,1401,-7
2006,142,133,169,131,143,157,147,1125,1417,13
2006,29,33,47,46,73,38,34,1429,1449,7
2006,-35,-26,-31,-30,-30,-44,-37,1328,1454,-5
2006,25,26,26,17,16,29,27,1371,1455,3
2006,-10,-13,-5,-1,14,14,-6,1458,1112,1
2006,-28,-23,-26,-28,-43,-35,-30,1242,1133,-9
2006,-8,19,24,26,75,-5,15,1137,1116,1
2006,144,118,152,135,151,137,131,1107,1163,15
2006,-16,1,-9,-5,-57,-16,-22,1277,1206,-5
2006,-11,-9,-17,-7,-36,-13,2,1207,1320,-3
2006,-9,5,10,14,29,-5,-2,1412,1246,1
2006,-119,-106,-116,-121,-99,-115,-124,1272,1331,-15
2006,24,15,27,25,18,10,11,1143,1301,-3
2006,-49,-61,-83,-83,-107,-74,-55,1314,1293,-11
2006,-43,-72,-72,-60,-109,-50,-61,1234,1322,-11
2006,-107,-103,-117,-111,-114,-120,-110,1326,1172,-13
2006,39,39,55,51,51,51,45,1245,1338,7
2006,-95,-90,-93,-97,-114,-99,-85,1400,1335,-13
2006,162,161,174,191,184,155,168,1284,1437,15
2006,-22,-20,-24,-30,-32,-22,-1,1452,1356,-5
2006,58,53,83,71,100,54,49,1285,1130,8
2006,5,15,21,30,39,8,16,1203,1181,7
2006,57,50,60,63,49,65,48,1454,1196,8
2006,-20,-13,-7,-14,6,-32,-32,1211,1231,-3
2006,-24,-27,-27,-20,-2,-7,-19,1261,1401,-8
2006,-40,-47,-44,-59,-38,-51,-47,1417,1104,-8
2006,20,14,13,9,5,9,10,1449,1228,1
2006,13,12,18,24,32,8,8,1455,1397,5
2006,35,22,27,24,36,38,36,1133,1338,8
2006,-37,-35,-32,-28,-21,-36,-32,1163,1246,-7
2006,24,17,29,18,74,29,34,1206,1314,8
2006,-16,-13,-8,-8,-8,-14,-22,1326,1207,-5
2006,-14,-36,-38,-35,-81,-19,-39,1272,1137,-8
2006,-23,-32,-20,-19,-23,-24,-28,1400,1301,-8
2006,45,44,38,32,20,33,35,1112,1437,7
2006,-30,-61,-66,-56,-101,-41,-44,1452,1322,-8
2006,15,11,11,12,14,18,14,1261,1181,3
2006,-43,-28,-32,-25,-37,-47,-42,1272,1133,-12
2006,-16,-20,-17,-12,-16,-18,-21,1400,1452,-4
2006,-12,3,5,15,32,-5,-1,1211,1417,1
2006,-27,-21,-18,-18,-12,-18,-16,1163,1449,-4
2006,13,12,10,12,12,13,14,1207,1196,4
2006,9,-2,6,-11,21,18,23,1206,1455,4
2006,11,15,14,16,9,9,16,1130,1437,3
2006,8,8,8,7,12,13,7,1261,1400,2
2006,13,9,8,5,-3,6,3,1417,1272,1
2006,-7,-4,-3,-2,-2,-5,-11,1437,1196,-2
2006,-35,-23,-36,-26,-73,-41,-42,1163,1206,-10
2006,-27,-18,-32,-23,-67,-35,-32,1196,1206,-8
2006,1,2,1,-1,-10,-9,-8,1417,1261,-2
2006,7,7,7,7,-1,2,-6,1417,1196,-1
2007,-28,-52,-69,-87,-105,-70,-38,1310,1197,0
2007,-21,-22,-30,-26,-31,-11,-16,1130,1403,-3
2007,19,20,47,42,1,26,32,1330,1139,7
2007,-107,-99,-118,-126,-125,-121,-110,1207,1125,-13
2007,-11,-24,-18,-34,-11,-26,-19,1231,1211,-3
2007,-9,-31,-20,-38,-38,-34,-31,1257,1390,-5
2007,3,13,44,63,61,13,20,1172,1268,9
2007,-6,12,14,15,-6,-8,-8,1266,1277,-1
2007,-143,-163,-167,-187,-187,-159,-145,1314,1184,-15
2007,-161,-159,-191,-170,-145,-159,-153,1326,1148,-15
2007,67,68,78,85,72,73,69,1460,1338,11
2007,-85,-82,-101,-97,-99,-78,-77,1401,1335,-11
2007,-137,-145,-147,-176,-173,-133,-141,1417,1451,-13
2007,8,21,45,62,57,29,24,1433,1181,5
2007,21,14,17,31,33,18,19,1203,1435,5
2007,-83,-60,-73,-61,-84,-70,-79,1450,1331,-11
2007,-28,3,3,21,21,-13,-8,1140,1462,-1
2007,163,193,229,289,270,220,172,1238,1196,15
2007,146,148,158,167,141,134,137,1310,1242,15
2007,-9,-1,-2,-1,4,1,-4,1246,1437,-1
2007,-124,-132,-136,-176,-157,-149,-124,1272,1317,-13
2007,-17,2,1,31,36,-17,-9,1305,1166,-3
2007,98,82,84,72,76,90,99,1275,1332,11
2007,-31,-22,-20,1,-6,-13,-29,1112,1345,-1
2007,68,63,76,65,64,70,69,1221,1356,9
2007,53,62,67,92,61,58,58,1253,1397,7
2007,42,52,67,80,79,54,33,1308,1400,9
2007,26,7,-10,-38,-17,8,31,1210,1424,3
2007,24,1,5,-13,-20,3,15,1116,1425,7
2007,-45,-49,-85,-102,-87,-63,-61,1438,1107,-9
2007,1,7,20,-2,9,-1,-10,1228,1439,7
2007,10,-20,-23,-54,-68,6,-40,1323,1457,-5
2007,67,65,81,122,109,70,78,1394,1458,13
2007,-8,-24,-10,-16,-58,-18,-4,1268,1139,-1
2007,-30,-37,-26,-36,-33,-29,-26,1207,1130,-5
2007,29,26,21,12,32,29,26,1277,1314,8
2007,-52,-27,-39,-30,-16,-54,-32,1326,1462,-8
2007,-21,-23,-48,-60,-59,-34,-32,1338,1433,-8
2007,-21,-22,-24,-10,-4,-18,-11,1401,1257,-3
2007,33,23,22,12,19,20,35,1231,1417,5
2007,34,35,31,18,20,33,31,1435,1450,3
2007,43,34,29,19,35,33,37,1345,1196,8
2007,16,12,14,16,18,17,14,1246,1242,7
2007,-5,-13,-24,-54,-50,-13,-8,1272,1305,-5
2007,-3,-24,-22,-50,-69,2,-56,1332,1457,-8
2007,-32,-23,-8,9,-2,-26,-33,1356,1439,-1
2007,25,30,15,9,15,16,26,1438,1397,-1
2007,12,16,24,45,25,20,7,1424,1458,5
2007,-8,-19,-19,-27,-32,-27,-3,1400,1425,-1
2007,-3,-6,-13,-33,-27,-5,-3,1242,1356,-3
2007,9,1,2,-4,-2,5,4,1401,1272,1
2007,18,22,22,35,28,22,19,1397,1326,4
2007,8,6,4,4,4,3,5,1338,1417,1
2007,-21,-33,-18,-24,-63,-26,-16,1196,1139,-4
2007,-41,-49,-46,-45,-41,-42,-37,1207,1435,-4
2007,-24,-40,-34,-42,-43,-40,-27,1314,1425,-4
2007,-4,-9,-14,-31,-22,-8,1,1332,1424,-4
2007,6,6,5,5,1,5,8,1272,1326,1
2007,-3,1,2,6,9,3,-3,1417,1242,1
2007,-5,-11,-12,-18,-10,-9,-6,1196,1332,-2
2007,4,5,7,5,3,5,7,1207,1314,1
2007,2,-2,-3,-5,-8,-2,4,1196,1417,-1
2007,-7,-4,-6,-2,2,-7,-9,1326,1207,-1
2007,-4,-1,-1,1,3,-4,-5,1326,1196,0
2008,84,84,110,140,126,104,75,1164,1291,0
2008,80,87,129,154,154,108,84,1125,1181,13
2008,-99,-108,-116,-125,-114,-107,-103,1242,1340,-15
2008,-17,-24,-10,5,-3,-12,-21,1425,1243,-5
2008,42,49,46,49,26,44,34,1246,1266,5
2008,41,21,46,48,49,50,33,1396,1277,7
2008,-62,-48,-64,-66,-77,-72,-50,1323,1206,-7
2008,44,39,56,53,76,44,48,1331,1338,9
2008,7,9,9,14,18,13,15,1124,1345,5
2008,49,62,95,122,119,70,61,1165,1390,11
2008,2,6,-3,-28,-23,-4,-1,1401,1140,1
2008,-279,-275,-301,-316,-297,-287,-237,1417,1290,-15
2008,-15,-16,-4,13,-1,-5,-1,1245,1424,1
2008,98,91,95,98,106,90,97,1457,1450,9
2008,-12,-14,-9,1,-6,-8,-22,1452,1112,-3
2008,75,66,77,106,85,80,74,1168,1458,11
2008,83,101,80,63,35,70,88,1208,1462,11
2008,19,18,18,21,-5,27,18,1116,1231,1
2008,28,42,31,43,45,43,30,1375,1139,3
2008,-2,-7,1,5,-4,4,6,1172,1211,3
2008,-86,-99,-116,-137,-153,-93,-101,1207,1420,-13
2008,101,81,93,122,105,67,64,1129,1257,11
2008,142,159,164,183,196,159,149,1426,1272,15
2008,7,9,5,1,-15,1,-1,1274,1388,-3
2008,5,19,-5,3,4,-4,21,1332,1280,1
2008,169,169,177,164,159,183,173,1291,1314,15
2008,-21,-1,-18,-19,-12,-28,-21,1328,1386,-5
2008,79,100,92,96,84,85,84,1360,1163,9
2008,62,52,63,65,67,76,69,1373,1435,9
2008,121,120,148,145,154,134,124,1110,1397,13
2008,-110,-119,-143,-163,-128,-127,-115,1400,1122,-13
2008,21,37,36,38,24,26,28,1437,1155,7
2008,24,28,31,40,31,35,30,1443,1179,7
2008,34,40,43,52,60,33,20,1424,1242,7
2008,1,6,2,-9,4,-2,1,1277,1338,1
2008,-8,-4,-4,-2,-2,-12,-9,1390,1266,-3
2008,30,32,24,14,15,21,26,1401,1417,8
2008,4,9,11,16,6,5,-1,1323,1450,1
2008,21,16,14,17,12,20,20,1452,1181,5
2008,37,42,26,11,15,32,42,1243,1458,8
2008,17,21,18,7,3,9,15,1345,1462,3
2008,-16,-11,-18,-25,-22,-23,-29,1207,1172,-8
2008,-17,-24,-20,-27,-37,-9,-20,1257,1328,-3
2008,43,25,36,31,23,41,36,1280,1272,7
2008,-40,-39,-38,-35,-26,-43,-33,1314,1116,-8
2008,-6,-7,-17,-18,-31,-7,-6,1397,1139,-5
2008,28,30,27,40,40,26,26,1274,1400,5
2008,44,30,44,62,64,54,37,1373,1437,1
2008,-64,-82,-66,-53,-35,-59,-63,1443,1360,-1
2008,-10,-6,-6,5,1,-16,-9,1397,1257,-1
2008,-13,-14,-11,-6,-13,-12,-21,1314,1450,-3
2008,-31,-36,-43,-62,-61,-42,-38,1417,1443,-11
2008,-15,-10,-8,-5,4,-12,-14,1462,1452,-4
2008,-19,-12,-20,-29,-19,-26,-30,1458,1172,-7
2008,-38,-50,-51,-50,-34,-42,-42,1242,1437,-11
2008,15,19,14,14,14,12,16,1277,1272,4
2008,-4,-5,-1,-3,-5,-2,-5,1400,1390,-1
2008,14,11,12,4,7,20,12,1257,1314,2
2008,10,9,8,16,18,11,9,1462,1417,2
2008,-21,-16,-24,-32,-26,-29,-32,1242,1172,-9
2008,-6,-5,-5,-4,-4,-6,-7,1272,1400,-1
2008,3,2,1,-4,-1,2,4,1242,1314,0
2008,-1,2,1,1,-1,-2,-1,1272,1417,0
2008,-2,1,2,2,2,-1,-3,1272,1242,0
2009,-39,-11,-23,-28,-62,-19,18,1287,1106,0
2009,-182,-171,-205,-210,-171,-197,-177,1163,1151,-15
2009,106,110,154,155,162,110,98,1127,1181,13
2009,-98,-82,-93,-86,-83,-94,-90,1211,1103,-9
2009,-13,-10,-7,-3,20,7,-9,1139,1261,1
2009,14,12,16,25,-5,15,10,1268,1143,3
2009,139,141,116,103,124,146,145,1169,1272,13
2009,-13,-26,-16,-27,-25,-17,-22,1155,1276,-3
2009,126,106,163,168,160,146,135,1347,1314,15
2009,125,111,135,122,162,154,128,1288,1328,13
2009,52,54,71,68,62,50,40,1320,1345,7
2009,-5,7,3,17,25,1,-7,1278,1400,3
2009,9,17,23,34,9,9,6,1401,1140,1
2009,-43,-37,-59,-46,-54,-63,-51,1417,1433,-5
2009,-72,-81,-96,-90,-94,-79,-81,1437,1110,-11
2009,-53,-57,-66,-76,-66,-62,-50,1228,1443,-7
2009,-47,-43,-52,-44,-13,-61,-43,1449,1280,-9
2009,19,21,17,14,-5,10,31,1112,1428,7
2009,-17,-10,-32,-35,-36,-42,-26,1113,1396,-5
2009,49,46,55,47,58,50,53,1156,1448,9
2009,15,38,50,75,78,21,8,1173,1452,5
2009,-58,-54,-64,-60,-76,-49,-75,1242,1295,-11
2009,-167,-158,-182,-163,-169,-171,-181,1257,1287,-15
2009,-2,-16,-19,-36,-75,-7,-1,1266,1429,-5
2009,-116,-116,-130,-109,-111,-123,-111,1277,1352,-13
2009,-116,-106,-108,-90,-86,-112,-114,1281,1165,-11
2009,-18,-5,-6,1,7,-8,-7,1329,1397,-1
2009,-120,-98,-131,-107,-130,-130,-127,1338,1190,-15
2009,17,6,33,29,27,19,8,1373,1326,1
2009,-73,-68,-82,-78,-131,-78,-82,1393,1372,-11
2009,6,-14,-13,-32,-24,-8,-4,1425,1130,3
2009,-26,-13,-4,5,-2,-31,-28,1199,1458,-7
2009,80,109,78,93,139,83,94,1340,1462,9
2009,-36,-40,-43,-49,-37,-33,-31,1163,1401,-8
2009,31,25,25,21,24,28,35,1400,1181,5
2009,-57,-68,-79,-94,-84,-69,-47,1211,1443,-8
2009,-40,-39,-38,-53,-37,-40,-40,1272,1268,-8
2009,30,35,39,44,35,22,28,1261,1314,7
2009,-24,-38,-26,-32,-27,-33,-37,1328,1276,-8
2009,-9,-2,-7,-2,1,9,2,1345,1449,1
2009,-17,-4,-1,10,3,-8,-9,1437,1417,-3
2009,-6,-5,-24,-29,-39,-19,-13,1112,1156,-1
2009,20,41,49,72,75,25,23,1173,1242,8
2009,33,28,53,61,61,39,28,1373,1257,8
2009,-41,-31,-27,-14,-6,-28,-33,1277,1425,-8
2009,12,13,12,10,3,9,17,1266,1281,3
2009,-27,-24,-28,-27,-24,-29,-31,1338,1329,-7
2009,-15,-9,-7,3,-7,-5,-12,1393,1113,-3
2009,-22,-16,-7,-6,1,-26,-24,1462,1458,-8
2009,14,14,8,11,12,22,12,1345,1163,4
2009,-6,-7,-4,-9,-9,-8,-4,1272,1281,-1
2009,-16,-16,-22,-18,-22,-20,-18,1338,1462,-3
2009,-5,-8,-12,-12,-7,-5,-6,1181,1437,-1
2009,47,44,38,35,37,36,48,1112,1257,11
2009,9,5,8,-2,-7,8,4,1242,1277,1
2009,10,9,7,3,7,12,18,1211,1314,3
2009,4,6,4,-2,-13,1,4,1393,1328,1
2009,10,9,7,7,7,9,6,1281,1163,2
2009,-7,-10,-14,-13,-9,-8,-8,1338,1437,-2
2009,-1,-1,-2,-9,-17,-1,-2,1257,1277,-1
2009,5,7,8,15,18,7,6,1328,1314,1
2009,6,5,4,10,13,4,3,1277,1163,1
2009,-6,-12,-15,-17,-11,-9,-7,1314,1437,-2
2009,-4,-6,-6,-11,-16,-6,-5,1314,1277,-1
2010,49,28,29,26,70,29,37,1115,1457,0
2010,78,65,98,90,101,85,76,1358,1124,11
2010,-19,-22,-11,-8,-14,-23,-20,1139,1431,-7
2010,-39,-43,-39,-42,-26,-42,-37,1140,1196,-3
2010,-186,-170,-203,-178,-148,-186,-165,1242,1250,-15
2010,103,127,148,160,149,114,104,1317,1243,13
2010,-149,-148,-152,-136,-180,-161,-159,1246,1190,-15
2010,20,19,34,21,46,24,40,1293,1435,9
2010,90,81,79,58,76,97,91,1285,1307,11
2010,21,24,13,5,2,17,18,1424,1320,-1
2010,-105,-82,-101,-89,-94,-110,-94,1207,1325,-11
2010,-1,3,-4,5,-26,1,-6,1323,1330,-5
2010,5,3,-11,-5,-4,1,2,1388,1350,3
2010,-12,-10,-19,-5,-21,-23,-16,1397,1361,-5
2010,153,156,181,173,142,149,138,1352,1437,13
2010,23,26,32,33,28,18,22,1448,1400,1
2010,21,18,18,1,-20,10,-6,1449,1266,5
2010,3,16,8,25,18,14,8,1257,1143,1
2010,14,39,36,48,35,24,42,1165,1396,7
2010,217,208,237,237,267,231,210,1115,1181,15
2010,14,-4,-4,-17,-6,2,12,1210,1329,3
2010,-9,6,9,37,35,4,-10,1211,1199,-1
2010,99,92,85,75,64,83,96,1222,1268,9
2010,-34,-52,-73,-91,-81,-54,-49,1277,1308,-7
2010,-5,3,-7,5,6,5,3,1281,1155,3
2010,80,99,114,148,153,104,79,1364,1326,13
2010,42,53,83,111,97,53,58,1324,1338,11
2010,24,27,43,45,48,39,35,1373,1345,9
2010,109,109,142,124,109,125,125,1436,1393,15
2010,-27,-10,-23,3,-7,-40,-21,1401,1429,-7
2010,-101,-105,-139,-141,-172,-114,-113,1452,1288,-13
2010,-40,-47,-68,-84,-93,-58,-45,1458,1459,-9
2010,-42,-35,-28,-3,10,-18,-41,1462,1278,-5
2010,-27,-20,-35,-21,-36,-33,-27,1124,1330,-8
2010,31,31,39,31,51,36,48,1293,1139,8
2010,3,5,3,-2,6,7,11,1140,1243,5
2010,44,47,41,44,54,37,44,1448,1246,8
2010,-18,-20,-30,-30,-40,-24,-14,1242,1320,-8
2010,18,23,23,28,33,21,17,1388,1437,8
2010,-102,-69,-93,-65,-74,-109,-90,1397,1325,-8
2010,45,24,19,-18,-47,30,22,1449,1307,8
2010,-8,30,38,63,65,19,27,1165,1458,8
2010,40,21,27,13,13,33,24,1143,1181,7
2010,-5,-14,-10,-14,-8,-1,-3,1268,1277,-1
2010,-29,-30,-20,-23,-28,-26,-29,1326,1210,-8
2010,5,9,7,10,2,9,11,1401,1345,1
2010,-23,-37,-32,-51,-54,-23,-25,1393,1211,-7
2010,32,29,16,13,19,33,38,1281,1452,8
2010,-5,2,2,8,-3,-6,-7,1338,1462,-3
2010,10,11,19,21,18,8,8,1139,1393,4
2010,13,9,12,13,15,21,15,1462,1243,4
2010,18,44,48,60,66,35,47,1165,1246,11
2010,-48,-38,-37,-21,-3,-36,-26,1452,1449,-9
2010,-15,-16,-22,-31,-38,-20,-14,1124,1388,-7
2010,5,9,8,12,15,3,4,1345,1181,3
2010,11,7,-6,-8,-23,-5,11,1277,1320,-4
2010,-1,12,7,31,24,9,-2,1397,1326,4
2010,5,8,16,17,16,5,5,1139,1243,3
2010,2,2,1,2,5,3,2,1452,1246,1
2010,-7,-11,-6,-11,-9,-7,-8,1181,1124,-2
2010,-13,-6,-6,11,9,-3,-10,1397,1277,1
2010,-17,-13,-3,2,6,-8,-15,1139,1277,0
2010,-1,3,3,7,7,2,-1,1452,1181,1
2010,-8,-13,-20,-25,-22,-9,-6,1181,1139,-4
2011,-12,13,11,32,46,7,-14,1412,1155,0
2011,48,83,52,67,45,12,25,1114,1421,0
2011,-77,-67,-89,-76,-68,-107,-62,1427,1106,0
2011,-30,-4,15,40,36,10,-16,1433,1425,0
2011,26,14,7,2,-4,31,23,1139,1330,-1
2011,-91,-84,-91,-73,-61,-102,-101,1140,1459,-11
2011,15,24,11,11,10,12,14,1281,1153,5
2011,60,55,74,73,95,75,75,1137,1163,11
2011,-164,-136,-126,-106,-119,-122,-157,1196,1364,-13
2011,-22,-12,-18,8,-2,-19,-29,1385,1211,-5
2011,16,14,4,13,-13,10,11,1243,1429,-7
2011,-17,-38,-64,-80,-111,-43,-34,1246,1343,-9
2011,-76,-73,-95,-83,-97,-81,-88,1257,1287,-9
2011,140,123,150,138,147,169,155,1421,1338,15
2011,-7,-5,6,14,7,4,2,1350,1435,7
2011,118,102,121,116,139,117,127,1294,1361,13
2011,18,12,13,1,-18,14,12,1336,1396,3
2011,-10,-2,-10,-12,-20,-8,11,1277,1417,3
2011,-31,-19,-23,-3,-3,-23,-28,1452,1155,-7
2011,12,7,23,9,30,21,26,1125,1458,9
2011,-14,-44,-45,-60,-58,-31,-15,1112,1272,-7
2011,117,147,175,209,219,163,125,1214,1181,15
2011,-19,-3,-11,3,-1,-20,-16,1401,1199,-3
2011,10,10,-7,2,-5,-7,6,1437,1206,1
2011,21,10,7,-2,-12,13,20,1228,1424,1
2011,-136,-133,-164,-166,-149,-162,-136,1242,1131,-15
2011,6,7,-6,-4,11,15,36,1266,1462,5
2011,-17,-8,-13,-15,-33,-20,-6,1276,1397,-1
2011,48,51,83,107,131,66,56,1254,1314,13
2011,-107,-105,-119,-113,-103,-118,-98,1323,1103,-13
2011,197,203,218,218,221,192,202,1427,1326,15
2011,92,90,119,102,92,108,105,1389,1345,11
2011,-99,-90,-102,-98,-89,-92,-90,1393,1232,-11
2011,44,32,49,65,67,39,65,1324,1400,9
2011,-38,-36,-61,-53,-38,-53,-43,1207,1433,-5
2011,7,29,26,42,41,19,9,1208,1449,3
2011,39,34,41,49,44,52,36,1139,1338,7
2011,-44,-33,-35,-14,-9,-38,-48,1140,1211,-8
2011,-11,-4,-3,-6,-5,-10,-10,1163,1153,-3
2011,36,33,29,34,34,21,26,1417,1196,5
2011,4,8,7,14,12,5,9,1452,1246,1
2011,-64,-60,-72,-49,-68,-64,-73,1350,1287,-1
2011,-23,-25,-28,-32,-34,-22,-24,1361,1396,-5
2011,-13,-19,-14,-20,-9,-11,-14,1458,1243,-1
2011,13,12,15,21,25,4,7,1112,1400,1
2011,-34,-42,-35,-38,-23,-33,-36,1181,1276,-7
2011,43,33,36,32,30,37,38,1199,1323,8
2011,39,33,25,17,17,34,43,1228,1242,8
2011,28,21,19,22,29,31,49,1266,1393,8
2011,-31,-20,-11,-1,-3,-20,-25,1314,1449,-5
2011,22,20,30,25,45,39,24,1206,1326,7
2011,44,47,68,76,70,64,46,1433,1345,8
2011,-19,-20,-19,-23,-31,-11,-15,1181,1112,-4
2011,-31,-23,-35,-45,-35,-45,-24,1458,1139,-4
2011,-6,-8,-10,-11,-3,-7,-8,1361,1163,-1
2011,-10,-9,-12,-6,1,-10,-4,1140,1196,1
2011,-26,-25,-34,-43,-35,-33,-29,1242,1350,-11
2011,17,9,11,6,5,15,12,1246,1326,3
2011,-24,-24,-14,-19,-22,-34,-50,1314,1266,-9
2011,-5,-16,-33,-42,-43,-30,-14,1199,1433,-1
2011,-32,-22,-28,-35,-32,-41,-31,1196,1139,-6
2011,-16,-10,-8,-8,-19,-5,-8,1163,1112,-2
2011,-5,-1,3,7,6,-7,-6,1314,1246,-2
2011,-51,-53,-75,-81,-77,-70,-58,1242,1433,-10
2011,8,17,31,30,32,14,18,1433,1139,3
2011,10,-3,-2,-10,-8,6,3,1246,1163,1
2011,-38,-25,-32,-37,-34,-48,-30,1163,1139,-5
2012,13,1,13,12,14,8,15,1233,1140,0
2012,-36,36,31,65,101,-15,-17,1290,1443,0
2012,12,18,39,39,9,21,18,1378,1143,0
2012,24,35,32,15,1,17,20,1436,1249,0
2012,46,55,47,43,49,60,54,1355,1124,11
2012,49,47,56,42,31,37,37,1160,1424,5
2012,-41,-9,-8,-10,-8,-28,-23,1211,1452,-3
2012,66,53,54,52,55,63,53,1308,1231,9
2012,-12,-8,-5,-8,5,-18,-9,1235,1163,-1
2012,3,43,35,52,72,9,-6,1379,1243,1
2012,187,185,201,190,180,188,178,1443,1246,15
2012,45,39,53,48,63,45,56,1172,1257,9
2012,-28,-35,-24,-30,-33,-40,-35,1266,1140,-11
2012,50,31,36,27,-4,55,35,1161,1293,5
2012,-17,-24,-25,-23,-41,-21,-43,1307,1253,-7
2012,76,125,131,126,131,79,81,1259,1326,13
2012,120,102,120,113,87,108,114,1421,1393,15
2012,16,33,40,37,45,18,24,1433,1455,7
2012,-2,32,23,23,62,9,12,1217,1435,7
2012,66,89,89,88,91,70,60,1285,1458,9
2012,-16,-2,7,3,-22,-6,-16,1153,1400,-5
2012,27,4,4,-5,1,24,21,1104,1166,1
2012,-6,-10,-9,-7,-12,-10,-12,1196,1438,-3
2012,-53,-40,-40,-30,-36,-54,-60,1199,1382,-11
2012,27,18,19,11,18,26,47,1125,1207,11
2012,-105,-110,-115,-111,-74,-118,-112,1242,1178,-13
2012,62,78,81,66,99,75,93,1250,1181,13
2012,89,141,156,161,139,95,98,1254,1277,15
2012,30,-4,-1,-11,-26,26,17,1301,1361,5
2012,124,180,175,207,229,123,110,1313,1281,13
2012,140,133,141,113,132,143,146,1436,1314,15
2012,30,38,49,46,58,40,37,1325,1276,9
2012,-19,7,7,20,25,-9,-10,1388,1345,-3
2012,32,22,34,32,5,40,37,1378,1396,7
2012,-26,-12,-6,-6,-21,-6,-8,1272,1387,-1
2012,-21,-14,-13,-17,-31,-16,-13,1323,1462,-3
2012,66,68,68,61,50,54,55,1160,1124,8
2012,-21,-35,-41,-36,-46,-21,-18,1231,1433,-8
2012,-32,-26,-31,-28,-30,-30,-29,1246,1235,-7
2012,-4,-3,2,7,-4,-4,-11,1257,1307,-1
2012,-8,28,25,31,63,-2,4,1293,1266,3
2012,17,26,28,30,23,21,16,1211,1326,5
2012,29,17,17,14,17,27,35,1243,1393,7
2012,-11,-3,-12,-10,1,-9,-2,1458,1435,-1
2012,-11,-11,-13,-10,-6,-16,-17,1199,1153,-3
2012,98,171,165,195,214,99,91,1313,1196,8
2012,31,25,24,20,11,28,33,1345,1242,8
2012,42,20,16,12,24,25,23,1387,1277,8
2012,32,23,31,31,4,30,24,1301,1207,8
2012,-9,-17,-19,-30,-31,-12,-10,1314,1166,-7
2012,-17,11,2,5,31,-10,-6,1325,1378,1
2012,-14,-34,-37,-25,-53,-31,-47,1462,1250,-5
2012,-17,-2,-2,-1,-6,-14,-16,1266,1196,-4
2012,-10,-14,-15,-17,-11,-12,-7,1277,1257,-3
2012,22,28,32,29,20,28,24,1153,1326,4
2012,-13,-7,-3,2,-6,-12,-18,1393,1458,-3
2012,47,40,43,44,42,43,41,1462,1124,7
2012,46,35,41,39,23,42,36,1301,1242,9
2012,-10,-7,-8,-10,-6,-11,-15,1246,1231,-3
2012,38,58,66,66,74,46,50,1325,1314,12
2012,12,-1,-1,-1,9,10,14,1196,1257,3
2012,-6,3,3,6,5,-5,-7,1393,1326,-1
2012,-1,-2,2,1,-4,-2,-3,1314,1242,-1
2012,9,12,11,13,15,8,7,1124,1246,2
2012,2,-4,-2,-2,-7,1,2,1326,1242,0
2012,-16,-16,-17,-19,-10,-16,-10,1246,1257,-3
2012,5,5,3,3,5,5,4,1242,1246,1
2013,80,41,18,25,3,57,71,1251,1299,0
2013,-3,-12,-19,-10,-30,-13,-5,1388,1292,0
2013,-12,-1,-6,6,-21,25,-6,1254,1241,0
2013,-1,-3,1,-8,11,-8,-3,1129,1247,0
2013,-18,-24,-27,-27,-19,-30,-32,1112,1125,-5
2013,-29,-19,-28,-10,-38,-20,-32,1139,1137,-5
2013,30,27,17,22,26,16,26,1143,1424,7
2013,25,-5,-20,-6,-23,8,22,1281,1161,1
2013,183,175,208,166,266,182,179,1380,1211,15
2013,89,91,88,91,70,82,100,1217,1307,11
2013,217,222,241,224,233,219,219,1299,1257,15
2013,47,47,42,34,19,54,57,1172,1266,11
2013,-16,-6,-7,17,1,-12,-18,1272,1388,-5
2013,-65,-102,-82,-91,-85,-82,-74,1276,1355,-9
2013,-43,-54,-57,-56,-59,-51,-46,1277,1434,-11
2013,-11,-19,-29,-23,-27,-7,-6,1329,1332,-7
2013,53,59,64,64,73,48,52,1308,1387,9
2013,71,126,120,132,137,64,75,1285,1393,9
2013,-25,-36,-36,-33,-44,-15,-23,1433,1103,-7
2013,15,17,32,26,23,9,6,1455,1338,1
2013,14,21,14,25,14,17,18,1153,1166,3
2013,104,139,160,141,154,114,118,1107,1181,13
2013,106,113,117,114,99,111,106,1195,1207,13
2013,68,124,135,132,173,89,89,1322,1196,11
2013,-17,2,-8,-8,-29,-14,-4,1228,1160,-3
2013,-177,-181,-167,-176,-153,-164,-172,1231,1241,-15
2013,-24,-9,-9,-6,-17,-25,-23,1323,1235,-3
2013,-162,-163,-178,-175,-176,-160,-142,1242,1443,-15
2013,31,28,37,27,19,44,31,1247,1243,9
2013,-94,-105,-116,-107,-146,-85,-97,1274,1334,-13
2013,9,-11,-11,-21,-26,10,16,1278,1417,5
2013,-22,-20,-16,-25,-20,-18,-8,1458,1279,-7
2013,-25,-30,-21,-17,-14,-27,-29,1314,1437,-1
2013,-98,-83,-93,-91,-87,-110,-111,1326,1233,-13
2013,18,14,11,25,2,10,13,1328,1361,3
2013,-1,31,30,33,28,13,8,1396,1301,1
2013,73,92,82,89,54,70,90,1217,1112,8
2013,-19,-28,-35,-22,-39,-26,-19,1257,1161,-7
2013,1,-21,-23,-27,-18,-4,-2,1266,1139,-3
2013,16,11,15,10,3,21,15,1433,1276,1
2013,2,16,19,29,14,5,3,1272,1277,3
2013,18,21,32,27,48,10,16,1332,1387,8
2013,-41,-45,-43,-45,-50,-37,-31,1393,1143,-8
2013,37,26,36,29,31,32,29,1455,1211,8
2013,-21,-11,-14,-9,-13,-19,-21,1181,1166,-5
2013,81,89,94,100,63,78,82,1195,1361,8
2013,21,20,27,22,24,22,20,1278,1196,8
2013,-29,-56,-53,-65,-50,-41,-33,1231,1396,-8
2013,-25,-16,-15,-20,-13,-19,-21,1242,1314,-7
2013,2,20,29,23,17,21,11,1247,1279,1
2013,-25,-34,-30,-28,-19,-17,-32,1274,1228,-5
2013,40,30,28,32,33,39,41,1235,1326,8
2013,-8,-12,-8,-11,-11,-5,-12,1274,1266,-1
2013,-11,-9,-18,-14,-39,-13,-3,1326,1112,-4
2013,8,10,11,10,13,10,9,1393,1231,3
2013,-6,-22,-15,-24,-11,-22,-14,1455,1247,-4
2013,-5,-6,-1,-4,-1,-5,-8,1181,1277,-1
2013,95,121,123,125,104,105,100,1195,1196,12
2013,-31,-38,-46,-41,-57,-28,-27,1257,1332,-11
2013,-7,-2,-7,-3,-8,-3,-8,1242,1276,-3
2013,-3,-9,-9,-12,-10,-3,-2,1393,1266,1
2013,-30,-24,-37,-28,-32,-28,-26,1326,1455,-7
2013,-3,-3,-6,-4,-6,-1,1,1257,1181,-1
2013,-7,5,8,10,7,-5,-3,1276,1196,1
2013,-36,-30,-41,-31,-34,-31,-31,1257,1455,-8
2013,3,4,2,2,2,4,4,1393,1276,0
2013,-9,-7,-10,-9,-12,-8,-9,1257,1276,-3
2014,2,23,30,11,29,36,9,1291,1107,0
2014,12,28,19,-2,-12,12,14,1301,1462,0
2014,-19,-64,-79,-84,-62,-58,-9,1142,1411,0
2014,-3,-1,-8,16,7,-12,4,1234,1397,0
2014,16,22,32,23,19,21,8,1386,1163,3
2014,-14,-35,-44,-31,-42,-37,-19,1326,1173,-5
2014,199,193,182,174,155,186,210,1107,1196,15
2014,20,11,7,9,12,21,28,1217,1153,7
2014,-54,-73,-72,-64,-82,-56,-49,1257,1264,-9
2014,170,175,182,166,158,185,168,1459,1276,13
2014,56,88,98,93,114,64,68,1174,1277,9
2014,22,37,39,24,31,38,37,1295,1328,7
2014,17,27,12,15,16,22,18,1140,1332,3
2014,-4,-30,-35,-47,-54,-8,-1,1338,1160,1
2014,-73,-52,-57,-51,-72,-77,-77,1361,1308,-9
2014,-42,-31,-31,-20,11,-24,-35,1387,1301,-7
2014,64,93,104,99,95,79,64,1444,1393,11
2014,16,-2,-2,10,4,16,9,1113,1400,3
2014,123,149,161,161,166,123,126,1454,1437,13
2014,-130,-118,-108,-84,-115,-132,-143,1458,1110,-13
2014,167,166,170,170,173,166,161,1451,1112,15
2014,25,23,25,15,4,18,23,1304,1124,5
2014,106,107,108,106,115,95,96,1418,1166,11
2014,-15,5,5,-3,1,-15,-17,1211,1329,-1
2014,65,82,70,51,72,76,92,1300,1235,11
2014,99,125,137,116,133,113,109,1184,1242,13
2014,14,33,22,26,27,24,20,1243,1246,1
2014,8,-3,-5,-1,-18,-6,2,1272,1203,-1
2014,-75,-89,-82,-89,-86,-86,-79,1181,1273,-11
2014,10,18,18,23,14,8,7,1344,1314,5
2014,1,51,59,43,96,11,25,1372,1433,7
2014,-22,-1,-2,-8,-13,-18,-21,1307,1390,-3
2014,-28,15,22,39,49,-20,-23,1269,1397,-5
2014,-69,-71,-56,-47,-56,-84,-67,1417,1409,-9
2014,199,203,219,218,197,202,179,1157,1438,15
2014,-219,-176,-163,-161,-200,-194,-227,1455,1142,-15
2014,-16,-24,-20,-19,-10,-14,-22,1437,1163,-5
2014,39,36,39,37,35,47,32,1173,1393,8
2014,29,14,17,13,16,22,30,1338,1196,8
2014,-7,-33,-34,-32,-48,-17,-7,1257,1387,-1
2014,16,23,29,22,48,16,17,1400,1276,5
2014,18,29,27,23,32,25,35,1217,1277,8
2014,39,41,43,32,30,49,44,1295,1361,8
2014,19,14,21,17,23,22,20,1332,1458,5
2014,-21,-19,-20,-18,-20,-19,-18,1112,1211,-7
2014,-15,-24,-18,-22,-17,-10,-18,1166,1124,-3
2014,-19,-13,-14,-2,1,-22,-23,1235,1314,-3
2014,32,5,6,12,14,23,19,1246,1455,7
2014,33,28,27,28,28,26,33,1390,1242,8
2014,-37,-72,-64,-84,-79,-47,-45,1397,1273,-3
2014,5,60,67,37,102,26,34,1372,1417,8
2014,30,36,36,36,36,22,26,1272,1438,7
2014,-3,-21,-21,-20,-26,-7,-9,1112,1361,-3
2014,3,22,25,15,15,18,2,1173,1390,1
2014,15,9,12,15,9,16,14,1417,1196,3
2014,-14,-21,-20,-18,-18,-19,-21,1458,1124,-4
2014,11,15,11,3,-4,13,20,1163,1235,4
2014,22,14,16,15,25,12,6,1246,1257,4
2014,-43,-12,-15,4,-8,-45,-35,1276,1397,-9
2014,-9,-3,-3,-6,-2,-5,-3,1438,1277,-3
2014,42,51,55,48,54,55,39,1173,1196,10
2014,10,8,8,12,5,4,5,1458,1112,1
2014,4,19,16,16,11,7,14,1163,1277,3
2014,-23,-3,-8,-2,-19,-17,-9,1276,1246,-6
2014,18,26,21,23,14,17,25,1163,1196,6
2014,20,7,9,4,17,18,15,1246,1458,6
2014,13,-13,-6,-9,10,7,-4,1246,1163,1
2015,-87,-94,-107,-104,-141,-113,-99,1264,1214,0
2015,20,14,15,13,22,19,17,1279,1140,0
2015,-3,-13,3,1,14,-8,-20,1173,1129,0
2015,26,39,40,46,24,54,3,1352,1316,0
2015,125,201,200,205,265,143,147,1411,1112,13
2015,24,68,67,61,94,35,44,1459,1116,7
2015,10,2,1,-3,-5,10,11,1400,1139,5
2015,-6,-9,-17,15,-18,-17,3,1345,1153,1
2015,-45,-112,-101,-114,-158,-73,-73,1207,1186,-9
2015,58,66,64,56,73,78,79,1209,1124,11
2015,-251,-248,-265,-249,-239,-266,-256,1246,1214,-15
2015,5,4,11,5,25,4,-1,1261,1301,1
2015,-52,-72,-76,-62,-70,-56,-49,1314,1217,-9
2015,-89,-108,-115,-110,-131,-91,-88,1323,1318,-11
2015,-11,13,14,9,25,-2,-13,1433,1326,-3
2015,136,136,133,108,118,137,129,1412,1235,11
2015,-31,-10,-18,-22,-4,-22,-35,1374,1417,-5
2015,-4,-43,-29,-27,-60,-19,-19,1428,1372,-7
2015,-136,-162,-170,-190,-188,-159,-128,1437,1248,-15
2015,26,21,25,18,18,20,21,1279,1462,5
2015,-13,-17,-20,-12,-41,-13,-4,1344,1173,-5
2015,-169,-171,-178,-166,-160,-192,-159,1181,1352,-15
2015,101,157,147,145,150,114,106,1295,1211,13
2015,5,-4,-6,-8,-20,-2,5,1234,1172,-3
2015,109,106,96,77,96,123,119,1308,1242,13
2015,-90,-88,-82,-76,-90,-98,-92,1257,1414,-9
2015,-32,-45,-40,-30,-55,-38,-36,1268,1434,-9
2015,13,19,21,19,25,9,9,1208,1277,3
2015,-47,-78,-76,-90,-66,-54,-54,1320,1461,-7
2015,77,119,117,123,133,86,82,1107,1328,11
2015,16,-4,-10,-9,13,12,20,1329,1332,1
2015,2,1,3,15,13,-7,-1,1385,1361,1
2015,112,130,147,145,125,127,116,1125,1438,13
2015,30,38,40,29,42,40,35,1138,1452,7
2015,-39,-25,-22,-39,-17,-30,-36,1455,1231,-3
2015,119,131,143,145,161,143,141,1157,1458,15
2015,26,15,13,19,15,20,28,1326,1112,8
2015,51,49,49,33,49,58,42,1153,1246,7
2015,-38,-29,-26,-33,-18,-38,-38,1437,1301,-7
2015,3,14,16,13,17,6,4,1116,1314,1
2015,-19,-9,-12,-13,-17,-14,-18,1323,1139,-3
2015,-98,-106,-97,-80,-102,-103,-88,1417,1412,-3
2015,-6,-8,-11,-14,-16,-1,1,1428,1207,1
2015,-39,-56,-52,-45,-59,-58,-58,1462,1209,-8
2015,26,34,30,20,35,32,25,1361,1181,7
2015,-28,-18,-17,-18,-8,-23,-28,1211,1234,-5
2015,3,-13,-7,6,-18,2,2,1257,1320,-1
2015,-22,-10,-13,-13,-8,-21,-22,1438,1277,-5
2015,-19,-30,-35,-31,-50,-24,-9,1328,1173,-8
2015,10,-8,-8,-8,-1,8,9,1452,1268,1
2015,-5,-13,-8,-3,-4,-7,-10,1242,1455,-5
2015,23,35,42,43,40,22,22,1332,1458,7
2015,-28,-22,-22,-24,-31,-28,-27,1112,1462,-4
2015,20,18,18,24,27,17,19,1452,1246,4
2015,6,10,10,4,11,8,8,1455,1323,4
2015,-10,-6,-7,-13,-4,-9,-11,1458,1314,-3
2015,16,5,7,1,5,15,18,1428,1181,4
2015,44,35,40,35,18,39,43,1417,1211,9
2015,-27,-18,-17,-20,-9,-26,-25,1257,1301,-4
2015,-8,-3,-3,-8,-2,-7,-7,1328,1277,-4
2015,7,10,7,9,6,7,8,1323,1246,2
2015,2,-1,2,-1,-2,3,3,1112,1458,1
2015,-2,-2,-2,1,-4,-1,-3,1181,1211,-1
2015,12,1,1,-1,1,10,11,1277,1257,3
2015,-21,-11,-11,-10,-9,-19,-21,1181,1277,-6
2015,-4,-2,-1,-2,-1,-3,-2,1246,1458,0
2015,-1,2,3,4,2,1,2,1181,1458,0
2016,-20,-72,-85,-89,-48,-49,-42,1195,1192,0
2016,18,-2,-2,15,10,2,12,1435,1455,0
2016,55,57,26,42,-54,66,54,1221,1380,0
2016,29,13,29,2,28,25,16,1409,1276,0
2016,9,57,62,37,103,25,27,1114,1345,7
2016,-1,-7,-16,-2,-24,3,2,1139,1403,1
2016,9,-21,-21,-30,-23,-7,10,1163,1160,1
2016,-26,-63,-73,-52,-85,-48,-28,1181,1423,-9
2016,-26,-2,7,-2,7,-7,-24,1371,1211,-5
2016,-9,-81,-98,-93,-114,-35,-28,1231,1151,-7
2016,-81,-84,-76,-54,-52,-78,-76,1235,1233,-9
2016,190,210,217,210,227,208,209,1122,1242,15
2016,-53,-85,-88,-84,-100,-73,-72,1246,1392,-9
2016,99,120,120,117,96,119,97,1138,1274,11
2016,-199,-181,-178,-170,-196,-192,-178,1314,1195,-15
2016,17,-3,-1,3,3,14,14,1425,1344,-1
2016,-58,-82,-74,-76,-78,-62,-57,1428,1201,-11
2016,-164,-233,-231,-220,-232,-179,-161,1438,1214,-15
2016,-35,-10,-13,4,-7,-26,-29,1112,1455,-5
2016,38,30,32,14,28,35,49,1463,1124,7
2016,-19,-50,-42,-40,-63,-26,-30,1143,1218,-9
2016,20,60,66,66,55,21,27,1396,1234,3
2016,34,63,66,57,90,60,31,1355,1268,7
2016,-93,-130,-114,-120,-115,-95,-87,1277,1292,-13
2016,-64,-57,-42,-47,-29,-61,-60,1400,1320,-5
2016,-11,-20,-2,-17,-8,-7,-17,1323,1276,-5
2016,-104,-103,-107,-87,-119,-108,-114,1328,1167,-13
2016,-245,-274,-253,-259,-218,-260,-257,1332,1221,-15
2016,-54,-49,-51,-27,-25,-73,-72,1452,1372,-11
2016,26,-1,-9,-6,-6,11,33,1153,1386,1
2016,39,-2,-7,-13,-16,16,43,1393,1173,3
2016,-86,-107,-105,-100,-102,-92,-106,1401,1453,-11
2016,15,-23,-19,-25,-32,11,-2,1433,1333,3
2016,134,112,134,111,130,136,140,1421,1437,13
2016,-3,1,-2,13,9,-4,-3,1338,1458,3
2016,-115,-124,-121,-117,-174,-107,-109,1462,1451,-13
2016,-28,-39,-40,-16,-33,-39,-55,1181,1463,-8
2016,-28,-4,4,1,-5,-16,-29,1428,1211,-8
2016,5,7,3,7,4,5,12,1231,1246,1
2016,-13,-47,-50,-29,-81,-16,-21,1235,1114,-8
2016,-40,-28,-27,-24,-25,-32,-39,1242,1163,-8
2016,37,16,12,-1,-1,39,36,1455,1274,8
2016,15,43,41,42,42,27,24,1344,1314,8
2016,21,28,26,38,27,35,29,1139,1438,8
2016,-22,-52,-49,-38,-65,-37,-28,1268,1218,-8
2016,28,24,22,-6,1,52,51,1372,1323,8
2016,47,26,32,27,19,49,29,1433,1328,8
2016,17,24,26,28,30,21,14,1386,1332,7
2016,-31,-92,-76,-82,-83,-48,-34,1393,1292,-5
2016,63,71,56,60,54,68,74,1320,1401,8
2016,-35,-16,-14,-15,-19,-20,-29,1437,1234,-5
2016,-44,-22,-22,-17,-16,-34,-39,1462,1458,-5
2016,-17,-19,-19,-22,-19,-14,-22,1242,1268,-4
2016,-22,-9,-10,-9,1,-11,-6,1328,1401,-1
2016,21,1,1,13,9,9,17,1181,1332,3
2016,-9,-6,-8,-8,-9,-5,-7,1437,1274,-1
2016,-17,-12,-8,-10,-6,-17,-20,1314,1231,-4
2016,-13,-3,-1,7,5,-14,-12,1323,1458,-1
2016,29,12,18,13,11,23,22,1393,1211,-1
2016,7,15,17,16,24,17,19,1235,1438,3
2016,-2,-6,-8,-1,3,-3,4,1328,1332,1
2016,1,4,4,4,5,4,1,1437,1242,1
2016,27,28,32,35,32,26,28,1323,1314,5
2016,58,36,36,39,29,46,55,1393,1438,9
2016,60,37,37,37,30,48,57,1393,1314,9
2016,-2,-2,-2,-3,-6,-1,-5,1437,1328,0
2016,-5,2,2,1,4,3,-2,1437,1314,1
2017,-11,-6,1,1,-3,4,-7,1448,1243,0
2017,57,18,8,35,-52,15,36,1291,1309,0
2017,-21,-55,-21,-66,-4,21,9,1300,1413,0
2017,-14,-1,-3,5,6,-8,-14,1425,1344,0
2017,136,135,158,153,135,145,144,1315,1112,13
2017,48,76,88,86,112,72,55,1457,1139,9
2017,40,63,67,55,82,49,43,1190,1196,9
2017,65,84,93,89,85,67,73,1195,1199,11
2017,178,189,179,186,168,175,180,1355,1211,15
2017,-18,-28,-40,-38,-42,-32,-5,1235,1305,-7
2017,-8,-22,-27,-15,-29,-14,-19,1278,1292,-7
2017,16,-5,4,-5,-5,16,7,1435,1321,1
2017,-42,-44,-51,-34,-48,-50,-45,1323,1343,-7
2017,25,55,63,48,58,32,33,1436,1345,9
2017,-35,-18,-25,-38,-24,-21,-12,1388,1433,-3
2017,196,206,214,211,164,197,189,1291,1437,15
2017,14,50,59,53,69,23,13,1423,1438,7
2017,64,68,90,75,65,65,58,1137,1452,9
2017,-5,-17,-30,-21,-20,-6,-5,1458,1439,-1
2017,-11,-9,10,5,15,-5,-14,1268,1462,-5
2017,-4,-13,-12,-15,6,-1,-15,1116,1371,-1
2017,-45,-73,-83,-75,-157,-65,-45,1124,1308,-11
2017,34,16,13,7,12,19,36,1243,1153,5
2017,-136,-124,-153,-118,-152,-138,-147,1181,1407,-13
2017,-189,-210,-194,-208,-206,-171,-167,1242,1413,-15
2017,-101,-135,-148,-143,-155,-112,-102,1246,1297,-13
2017,146,178,179,152,217,153,171,1240,1257,13
2017,-11,-3,-1,-3,-10,-1,-15,1276,1329,-3
2017,-17,-13,-8,-11,-4,-19,-14,1274,1277,-1
2017,-128,-193,-201,-204,-200,-152,-146,1314,1411,-15
2017,-102,-105,-110,-102,-76,-112,-103,1332,1233,-11
2017,-26,-14,-21,-10,-4,-27,-21,1166,1348,-5
2017,-2,4,1,3,21,-8,-10,1376,1266,-3
2017,-132,-119,-123,-123,-122,-112,-115,1417,1245,-11
2017,-21,-36,-36,-50,-43,-30,-22,1374,1425,-5
2017,6,20,29,28,36,18,6,1173,1455,-3
2017,-8,-8,-7,6,-5,-18,-14,1112,1388,-5
2017,14,28,34,22,43,21,25,1292,1139,8
2017,-6,-3,1,2,4,-2,-11,1196,1438,-1
2017,35,37,38,38,44,31,34,1321,1211,7
2017,5,8,4,2,-2,-4,10,1235,1345,1
2017,3,-15,-18,-20,-12,1,1,1452,1323,-1
2017,22,20,15,21,17,23,27,1458,1437,7
2017,-24,-28,-12,-21,-12,-19,-24,1199,1462,-8
2017,-19,-40,-41,-48,-32,-33,-24,1124,1425,-8
2017,42,39,30,33,33,46,46,1277,1242,8
2017,-28,-12,-6,-4,-10,-18,-22,1246,1455,-8
2017,-13,-18,-16,-15,-11,-16,-19,1257,1276,-5
2017,19,28,34,35,35,25,20,1116,1314,7
2017,-40,-26,-35,-21,-7,-40,-36,1332,1348,-8
2017,-35,-24,-23,-19,-43,-31,-29,1181,1376,-5
2017,12,7,6,4,7,7,7,1153,1417,3
2017,19,6,3,4,4,11,15,1452,1211,3
2017,13,6,6,5,5,17,15,1345,1242,3
2017,18,10,10,5,-9,14,22,1276,1332,4
2017,-35,-29,-14,-20,-8,-31,-34,1112,1462,-9
2017,-9,-14,-7,-14,-4,-6,-16,1196,1458,-4
2017,2,-10,-10,-14,-14,-5,-6,1246,1417,-1
2017,10,18,23,23,17,14,9,1139,1314,3
2017,30,21,17,18,29,29,26,1376,1124,4
2017,-37,-44,-31,-39,-26,-33,-33,1211,1462,-10
2017,3,9,7,6,16,10,5,1332,1242,2
2017,3,1,-2,-1,3,3,3,1314,1246,-1
2017,-27,-26,-21,-22,-35,-19,-25,1196,1376,-3
2017,41,31,30,30,46,34,32,1376,1211,6
2017,-1,10,10,13,19,5,1,1332,1314,2
2017,8,2,2,2,2,4,1,1314,1211,0
2018,-85,-72,-65,-82,-40,-85,-79,1347,1254,0
2018,16,-15,-16,-21,-6,7,3,1417,1382,0
2018,-2,7,1,9,-8,-7,3,1393,1113,0
2018,-15,-56,-53,-60,-54,-17,-29,1411,1300,0
2018,-22,-15,-9,-19,-8,-26,1,1439,1104,-1
2018,-36,-49,-57,-55,-63,-53,-32,1112,1138,-9
2018,-138,-134,-123,-131,-108,-133,-137,1181,1233,-13
2018,2,36,42,46,36,11,-1,1382,1196,5
2018,60,70,93,74,65,66,59,1422,1211,9
2018,-51,-34,-32,-33,-30,-47,-40,1222,1361,-5
2018,-102,-111,-112,-118,-93,-88,-99,1242,1335,-15
2018,-53,-34,-39,-25,-36,-62,-58,1246,1172,-7
2018,-1,-16,-30,-6,-28,-18,3,1274,1260,-5
2018,71,76,87,61,101,68,63,1285,1276,11
2018,17,54,59,62,101,35,31,1355,1326,7
2018,11,13,-9,-2,1,4,27,1328,1348,3
2018,13,15,22,15,28,13,18,1301,1371,1
2018,99,124,116,124,131,94,100,1460,1397,11
2018,67,96,107,99,140,72,79,1372,1403,11
2018,147,169,190,168,163,156,158,1347,1437,15
2018,-52,-96,-79,-104,-90,-68,-61,1120,1158,-9
2018,16,2,-3,-12,-3,12,16,1139,1116,3
2018,-120,-111,-103,-92,-100,-103,-118,1153,1209,-13
2018,-18,-47,-43,-36,-84,-26,-21,1155,1308,-7
2018,9,13,9,3,9,6,-12,1281,1199,-1
2018,-9,11,20,17,4,-6,-6,1243,1166,1
2018,-78,-81,-110,-94,-100,-64,-79,1455,1267,-9
2018,88,88,87,94,59,91,94,1137,1277,11
2018,-20,-14,10,-15,14,-12,-35,1305,1400,-3
2018,95,145,160,158,192,106,108,1252,1314,13
2018,-109,-147,-166,-148,-126,-125,-114,1345,1168,-13
2018,-32,-28,-31,-32,-23,-29,-18,1395,1393,-5
2018,18,32,28,34,18,9,9,1344,1401,3
2018,124,166,187,183,154,122,139,1420,1438,15
2018,-26,-51,-73,-46,-49,-48,-40,1452,1293,-7
2018,-261,-231,-230,-235,-243,-272,-246,1462,1411,-15
2018,21,30,42,46,32,24,17,1348,1181,5
2018,11,5,12,7,5,1,1,1326,1211,1
2018,26,18,20,17,17,18,26,1371,1242,7
2018,35,51,59,58,66,54,30,1138,1246,8
2018,11,38,45,31,47,28,17,1260,1397,8
2018,4,6,9,7,10,16,7,1222,1276,3
2018,-13,-10,-5,-11,-14,-19,-14,1403,1196,-3
2018,54,44,45,49,38,54,44,1104,1437,8
2018,4,6,-9,3,-2,-1,4,1155,1120,1
2018,33,25,22,21,16,37,47,1199,1462,8
2018,98,128,148,140,108,98,106,1420,1243,7
2018,21,19,32,20,37,19,16,1305,1153,5
2018,32,23,23,20,23,30,29,1139,1345,8
2018,53,44,46,48,39,50,38,1393,1277,8
2018,-21,-21,-19,-23,-21,-18,-18,1314,1401,-5
2018,-76,-87,-116,-101,-101,-69,-73,1452,1267,-8
2018,27,23,24,27,18,29,33,1199,1211,5
2018,7,23,27,26,35,7,21,1243,1246,4
2018,-1,24,23,18,16,13,4,1260,1305,4
2018,18,16,16,20,19,22,12,1401,1276,4
2018,-51,-47,-47,-51,-41,-45,-37,1181,1393,-9
2018,-11,-12,-18,-10,-14,-7,-12,1242,1155,-4
2018,9,9,8,7,6,9,9,1403,1345,1
2018,14,14,8,11,15,13,18,1452,1437,4
2018,-4,8,21,-2,14,14,-9,1260,1243,2
2018,-26,-22,-23,-25,-20,-35,-35,1276,1199,-6
2018,1,-5,-3,-6,-3,-1,3,1181,1242,1
2018,-16,-12,-12,-10,-8,-12,-17,1437,1403,-2
2018,12,36,51,32,52,33,10,1260,1276,8
2018,-4,-7,-5,-7,-4,-7,-2,1437,1242,0
2018,9,11,10,8,7,4,13,1276,1437,2
2019,-4,-9,-8,-22,-24,-1,14,1125,1396,0
2019,29,4,-13,-1,-81,31,12,1192,1341,0
2019,1,12,14,17,24,1,8,1385,1113,0
2019,-94,-89,-103,-104,-33,-98,-86,1295,1300,0
2019,-16,-41,-44,-36,-67,-18,-18,1120,1308,-7
2019,-3,-9,-12,-6,-21,-17,-7,1393,1124,-1
2019,25,2,4,3,9,24,24,1196,1305,3
2019,49,69,72,66,39,60,59,1436,1199,9
2019,191,194,212,206,140,208,185,1192,1211,15
2019,-55,-65,-82,-59,-50,-83,-64,1242,1318,-9
2019,106,132,156,138,161,116,106,1101,1246,13
2019,46,60,74,64,72,62,50,1463,1261,11
2019,8,30,31,30,15,28,21,1125,1268,5
2019,85,130,123,132,74,113,97,1285,1276,13
2019,-142,-160,-153,-161,-159,-146,-145,1277,1133,-13
2019,8,17,21,30,41,2,4,1278,1257,3
2019,-6,-27,-33,-25,-15,-11,-20,1266,1293,-7
2019,-54,-104,-101,-102,-91,-65,-40,1345,1330,-11
2019,27,10,20,5,4,28,34,1388,1437,5
2019,35,28,15,36,34,29,18,1371,1459,3
2019,-44,-34,-26,-39,-38,-37,-27,1138,1113,-5
2019,-197,-192,-192,-196,-230,-189,-190,1181,1295,-15
2019,-65,-89,-95,-96,-115,-62,-57,1222,1209,-11
2019,-15,-9,-15,-4,-14,1,-20,1153,1234,-3
2019,-30,-58,-87,-42,-61,-40,-55,1280,1251,-7
2019,-206,-196,-185,-191,-159,-218,-207,1314,1233,-15
2019,22,27,26,29,27,11,26,1326,1235,5
2019,-10,-8,-15,-6,-9,-12,-14,1328,1279,1
2019,-48,-26,-17,-31,-16,-44,-30,1458,1332,-7
2019,-104,-123,-130,-121,-95,-120,-111,1397,1159,-13
2019,-84,-97,-101,-91,-54,-88,-81,1403,1297,-11
2019,-25,-58,-65,-52,-35,-33,-35,1243,1414,-9
2019,3,-6,12,-9,-6,3,1,1433,1416,-1
2019,147,166,176,166,167,136,158,1205,1438,15
2019,75,84,88,93,80,73,59,1387,1439,9
2019,2,10,5,17,17,-2,-4,1449,1429,1
2019,-2,6,3,7,21,-8,-8,1242,1120,-1
2019,-21,-41,-43,-38,-24,-32,-32,1199,1293,-8
2019,-44,-38,-39,-39,-51,-46,-37,1211,1124,-8
2019,3,15,28,12,6,11,19,1459,1246,5
2019,-14,-8,-9,-6,-8,-8,-16,1261,1268,-3
2019,-39,-23,-20,-23,-26,-41,-38,1276,1196,-8
2019,-30,-36,-39,-43,-53,-23,-32,1277,1278,-8
2019,-5,-15,-8,-16,-12,-14,-1,1345,1437,-3
2019,32,40,38,43,46,40,28,1416,1181,8
2019,-44,-31,-24,-30,-26,-27,-45,1222,1326,-8
2019,-28,-44,-47,-45,-51,-27,-24,1314,1449,-8
2019,27,-36,-51,-32,-28,9,1,1332,1414,-1
2019,-32,-30,-35,-28,-24,-21,-33,1397,1234,-8
2019,2,-12,-17,-13,-7,-6,-1,1403,1138,-3
2019,-42,-31,-29,-37,-37,-34,-29,1438,1328,-8
2019,-37,-65,-96,-52,-75,-48,-52,1439,1251,-8
2019,6,7,8,12,10,2,2,1199,1211,3
2019,15,3,3,2,3,11,15,1345,1397,1
2019,-5,-3,-1,-4,-4,-6,-5,1276,1403,-1
2019,-67,-40,-31,-42,-32,-59,-49,1438,1332,-11
2019,-14,-7,-8,-7,-2,-16,-13,1314,1120,-4
2019,-16,-11,-11,-8,-8,-13,-22,1181,1439,-3
2019,-1,6,11,8,8,2,1,1222,1246,1
2019,-5,-13,-16,-14,-17,-7,-6,1277,1261,-1
2019,-9,-4,-4,-7,-9,-4,-3,1211,1403,-2
2019,-18,-9,-8,-9,-10,-13,-16,1438,1345,-2
2019,10,3,5,6,-2,12,11,1120,1246,3
2019,-6,-1,-3,-1,-4,-4,-4,1181,1277,-1
2019,6,6,5,5,6,5,8,1403,1277,1
2019,16,10,9,12,3,19,15,1120,1438,4
2019,-13,-8,-7,-8,-8,-10,-11,1438,1403,-2
